{
  "iteration": 37,
  "mode": "exploit",
  "exploit_ratio": 0.7,
  "push": [
    -25.201000213623047,
    9.351082801818848,
    -72.86766815185547
  ],
  "friction": [
    1.840004563331604,
    0.008691485971212387,
    0.001242983154952526
  ],
  "cmd": [
    0.20852315425872803,
    -0.15533389151096344,
    0.14492349326610565
  ],
  "terrain": {
    "mode": "flat",
    "baseline": 0.5
  },
  "phase": 0.3236170640606537,
  "push_start": 1.9305379051985838,
  "push_duration": 0.2,
  "push_body": "pelvis",
  "period_s": 0.7680000000000007,
  "cycle_start_s": 0.1460000000000001,
  "settle_time": 1.0,
  "joint_pos_offset": [
    -0.02500000037252903,
    0.02500000037252903,
    -0.02500000037252903,
    -0.04874824452563575,
    -0.02500000037252903,
    -0.05000000074505806,
    -0.0025738733630277302,
    0.02500000037252903,
    0.027390445252282992,
    -0.048623642787194,
    -0.05000000074505806,
    0.005372514514784606
  ],
  "joint_vel_offset": [
    -0.019999999552965164,
    -0.019999999552965164,
    0.019999999552965164,
    -0.019999999552965164,
    0.019999999552965164,
    0.0040030543171583055,
    -0.00013092776019920163,
    -0.004133563166479858,
    0.019999999552965164,
    -5.231042822727641e-06,
    0.007288618012568707,
    -0.01225189479641561
  ],
  "robustness": -188.87014770507812,
  "keep_score": 1.1433504393915994,
  "sensitivity": {
    "mean_score": 1.399041223526001,
    "max_score": 2.1708452701568604,
    "lipschitz_estimate": 7.962089538574219,
    "sensitive_dims": [
      16,
      4,
      10,
      15,
      9,
      3,
      17,
      8,
      11,
      2
    ]
  },
  "stl_details": {
    "ok": false,
    "robustness": -188.87014770507812,
    "safety": {
      "ok": false,
      "robustness": -188.87014770507812,
      "details": {
        "height": {
          "ok": false,
          "robustness": -0.23825177550315857
        },
        "tilt": {
          "ok": false,
          "robustness": -16.136194229125977
        },
        "max_torque": {
          "ok": false,
          "robustness": -188.87014770507812
        }
      }
    },
    "stability": {
      "ok": false,
      "robustness": -5.880096912384033,
      "details": {
        "angular_velocity": {
          "ok": false,
          "robustness": -5.880096912384033
        },
        "zmp_margin": {
          "ok": true,
          "robustness": 3.725290298461914e-09
        }
      }
    },
    "performance": null,
    "diagnostics": {
      "first_violation_time": 1.0,
      "most_violated_predicate": "max_torque",
      "robustness_trajectories": {
        "height": [
          -0.13679221272468567,
          -0.13941040635108948,
          -0.1420888602733612,
          -0.1448242962360382,
          -0.1476132571697235,
          -0.15045183897018433,
          -0.15333819389343262,
          -0.156267911195755,
          -0.15923690795898438,
          -0.16224443912506104,
          -0.16530153155326843,
          -0.16839784383773804,
          -0.1715247929096222,
          -0.1746750771999359,
          -0.17784258723258972,
          -0.18102163076400757,
          -0.1842065155506134,
          -0.187383770942688,
          -0.190555602312088,
          -0.1937195360660553,
          -0.1968662440776825,
          -0.1999923586845398,
          -0.20309719443321228,
          -0.20618006587028503,
          -0.20924022793769836,
          -0.21227708458900452,
          -0.2152898907661438,
          -0.21827432513237,
          -0.221227765083313,
          -0.22415193915367126,
          -0.22704732418060303,
          -0.22990384697914124,
          -0.23272258043289185,
          -0.2355051040649414,
          -0.23825177550315857
        ],
        "tilt": [
          -13.716028213500977,
          -13.823497772216797,
          -13.946653366088867,
          -14.085067749023438,
          -14.23835563659668,
          -14.406486511230469,
          -14.588956832885742,
          -14.786134719848633,
          -14.998292922973633,
          -15.223779678344727,
          -15.459943771362305,
          -15.654132843017578,
          -15.810310363769531,
          -15.932029724121094,
          -16.022459030151367,
          -16.084564208984375,
          -16.12114715576172,
          -16.136194229125977,
          -16.130355834960938,
          -16.10556411743164,
          -16.064876556396484,
          -16.018596649169922,
          -15.967592239379883,
          -15.912683486938477,
          -15.854705810546875,
          -15.794456481933594,
          -15.732681274414062,
          -15.670835494995117,
          -15.609596252441406,
          -15.548835754394531,
          -15.48917007446289,
          -15.423267364501953,
          -15.352224349975586,
          -15.27714729309082,
          -15.19936752319336
        ],
        "max_torque": [
          8.209095001220703,
          -32.75640869140625,
          -32.74566650390625,
          -32.49188232421875,
          -32.183143615722656,
          -31.824485778808594,
          -31.411170959472656,
          -31.002365112304688,
          -30.53185272216797,
          -30.013206481933594,
          -29.563201904296875,
          -182.1174774169922,
          -184.09182739257812,
          -185.63323974609375,
          -186.81600952148438,
          -187.6975555419922,
          -188.32261657714844,
          -188.72097778320312,
          -188.86712646484375,
          -188.87014770507812,
          -188.7278594970703,
          -124.31268310546875,
          -124.05281066894531,
          -123.70310974121094,
          -123.26678466796875,
          -122.74578857421875,
          -122.14614868164062,
          -121.46446228027344,
          -120.68768310546875,
          -119.81059265136719,
          -118.84373474121094,
          -96.17887878417969,
          -94.6473388671875,
          -93.11103820800781,
          -91.56979370117188
        ],
        "angular_velocity": [
          -0.9973098039627075,
          -1.0605536699295044,
          -1.1766177415847778,
          -1.303005576133728,
          -1.438330054283142,
          -1.5839744806289673,
          -1.7387818098068237,
          -1.906272292137146,
          -2.085463523864746,
          -2.259805679321289,
          -2.4376068115234375,
          -2.6644415855407715,
          -2.9852776527404785,
          -3.3617630004882812,
          -3.7636380195617676,
          -4.169001579284668,
          -4.562211990356445,
          -4.928493022918701,
          -5.279250621795654,
          -5.598174095153809,
          -5.880096912384033,
          -5.8008012771606445,
          -5.710881233215332,
          -5.612942218780518,
          -5.509693145751953,
          -5.403502464294434,
          -5.296826362609863,
          -5.194608211517334,
          -5.098841667175293,
          -5.005410671234131,
          -4.91452693939209,
          -4.646388530731201,
          -4.3952555656433105,
          -4.161240100860596,
          -3.946099281311035
        ],