{
  "baseline_stats": {
    "episodes": 10,
    "total_steps": 50000,
    "skip_initial_s": 1.0,
    "height": {
      "min": 0.6491093635559082,
      "max": 0.6804869771003723,
      "mean": 0.6664480566978455,
      "std": 0.007901579141616821,
      "P1": 0.6503693836927414,
      "P5": 0.6548660665750503,
      "P99": 0.6798489636182785,
      "P99_9": 0.6803252956271172
    },
    "tilt": {
      "min": 0.23069991171360016,
      "max": 6.802474498748779,
      "mean": 3.236143112182617,
      "std": 1.170425534248352,
      "P1": 0.4937681257724762,
      "P5": 1.2581883668899536,
      "P99": 5.792383193969723,
      "P99_9": 6.696755985260012
    },
    "max_torque": {
      "min": 10.677591323852539,
      "max": 41.316341400146484,
      "mean": 25.981826782226562,
      "std": 5.239404201507568,
      "P1": 12.727105073928833,
      "P5": 17.86448554992676,
      "P99": 38.7762437057495,
      "P99_9": 39.8820216293335
    },
    "zmp_margin": {
      "min": -9.610960205463925e-07,
      "max": 0.08211389929056168,
      "mean": 0.01267818734049797,
      "std": 0.00984915904700756,
      "P1": 0.0,
      "P5": 0.0,
      "P99": 0.041843206845223954,
      "P99_9": 0.06556026703865686
    },
    "stability_margin": {
      "min": 0.0,
      "max": 0.18100063502788544,
      "mean": 0.015376836992800236,
      "std": 0.0335485115647316,
      "P1": 0.0,
      "P5": 0.0,
      "P99": 0.1312431442737573,
      "P99_9": 0.16311713145673284
    },
    "angular_velocity": {
      "min": 0.021132057532668114,
      "max": 1.5858820676803589,
      "mean": 0.4241829812526703,
      "std": 0.2799992263317108,
      "P1": 0.0920253635197878,
      "P5": 0.11298096626996994,
      "P99": 1.2997175300121304,
      "P99_9": 1.3979599022865306
    },
    "velocity_error": {
      "min": 0.0008669461822137237,
      "max": 0.4984578490257263,
      "mean": 0.12825511395931244,
      "std": 0.07391060888767242,
      "P1": 0.012521685855463148,
      "P5": 0.027201246935874224,
      "P99": 0.3002137205004692,
      "P99_9": 0.47485818880796526
    },
    "foot_clearance": {
      "min": -0.09500016272068024,
      "max": -0.06309016793966293,
      "mean": -0.08509249985218048,
      "std": 0.006698505021631718,
      "P1": -0.09498481117188931,
      "P5": -0.09491996616125106,
      "P99": -0.07296655125916006,
      "P99_9": -0.06827606665343043
    },
    "action_delta": {
      "min": 0.0,
      "max": 2.8191819190979004,
      "mean": 0.056947480887174606,
      "std": 0.22471408545970917,
      "P1": 0.0,
      "P5": 0.0,
      "P99": 1.0329818475246428,
      "P99_9": 2.3215685276985196
    }
  },
  "calibrated_thresholds": {
    "h_min": 0.6333062052726746,
    "max_tilt_deg": 9.143325567245483,
    "max_torque": 43.870223792266856,
    "zmp_margin": 0.0,
    "max_angular_velocity": 1.5596610360145564,
    "max_velocity_error": 0.6462790668010712,
    "min_foot_clearance": -0.04750008136034012,
    "max_action_delta": 1.2395782170295713,
    "stability_margin": 0.0,
    "evaluation_start_time": 1.0
  }
}