{
  "best_params": [
    -0.6734767318106583,
    0.5988850625881523,
    -1.6936806706724101,
    1.953072670847178,
    0.0010000000474974513,
    9.999999747378752e-06
  ],
  "param_names": [
    "push_fx",
    "push_fy",
    "push_fz",
    "fric_mu1",
    "fric_mu2",
    "fric_mu3"
  ],
  "best_robustness": -0.44483184814453125,
  "metrics": {
    "steps": 814,
    "duration_s": 1.6280000000000012,
    "distance_x_m": 1.3221496336820462,
    "mean_speed_mps": 0.8121312246204209,
    "min_height_m": 0.5123987351042296,
    "max_tilt_deg": 45.44483025485002,
    "fallen": true,
    "fall_time_s": 1.6280000000000012,
    "min_stability_margin": 0.0,
    "mean_stability_margin": 0.05723177269101143,
    "stl_robustness": -0.44483184814453125,
    "stl_height_robustness": 0.1158987283706665,
    "stl_tilt_robustness": -0.44483184814453125
  },
  "diversity_weights": [
    0.0062500000931322575,
    0.0062500000931322575,
    0.0062500000931322575,
    0.5555555820465088,
    52.6315803527832,
    100.10009765625
  ],
  "config": "/home/hahaha/projects/robofuzz/stl_fuzz/robostl/configs/g1_12dof_mujoco.yaml"
}