{
  "push": [
    6.005410671234131,
    -10.965127944946289,
    3.937213897705078
  ],
  "friction": [
    0.7879423499107361,
    0.012240516021847725,
    0.002264268696308136
  ],
  "cmd": [
    0.994519829750061,
    -0.1541047841310501,
    -0.3872511088848114
  ],
  "terrain": {
    "mode": "bump",
    "center": [
      1.9974102029379681,
      -0.4390361897423527
    ],
    "radius": 0.17099910896280032,
    "height": 0.031903641447424726,
    "baseline": 0.5
  },
  "phase": 0.8,
  "push_start": 1.368000000000001,
  "robustness": -149.62869262695312,
  "keep_score": 0.7108750480919627,
  "joint_pos_offset": [
    -0.015546905786443958,
    0.016191405891373502,
    -0.006572115120212432,
    0.0008814629525257661,
    -0.05000000074505806,
    -0.05000000074505806,
    0.02500000037252903,
    0.0037056321553012514,
    0.0009653802137430945,
    0.020921114542035924,
    0.01778012686748133,
    0.023410538791915257
  ],
  "joint_vel_offset": [
    0.013482339812885727,
    0.009999999776482582,
    -0.019999999552965164,
    -0.019999999552965164,
    -0.019999999552965164,
    0.015955781636414163,
    -0.019999999552965164,
    -0.0087844817762807,
    -0.010075375714488008,
    0.011641972929076531,
    -0.006405015812465077,
    0.019999999552965164
  ]
}