{
  "push": [
    -28.884038625681434,
    7.383313619764059,
    67.29275229137528
  ],
  "friction": [
    1.0025595617912813,
    0.011098871449412321,
    0.008216182607018544
  ],
  "cmd": [
    -0.8777296715858798,
    -0.12556507981854842,
    0.15474393395758834
  ],
  "terrain": {
    "mode": "flat",
    "baseline": 0.5
  },
  "phase": 0.9894664585163221,
  "push_start": 2.381047176179825,
  "robustness": -0.2915809154510498,
  "keep_score": 0.34350540411889957,
  "joint_pos_offset": [
    0.02500000037252903,
    -0.02500000037252903,
    0.05000000074505806,
    -0.0362098786654929,
    -0.05000000074505806,
    0.05000000074505806,
    -0.02500000037252903,
    -0.02500000037252903,
    -0.019225328701991694,
    -0.05000000074505806,
    0.02500000037252903,
    -0.016532146919162796
  ],
  "joint_vel_offset": [
    -0.010569918726840015,
    0.019999999552965164,
    -0.019999999552965164,
    -0.012219071845623045,
    0.011520576612739253,
    -0.009710760518648665,
    -0.019999999552965164,
    -0.017674573473072448,
    -0.019999999552965164,
    0.019999999552965164,
    -0.019999999552965164,
    0.019999999552965164
  ]
}