{
  "push": [
    6.005410671234131,
    4.890600681304932,
    62.408485412597656
  ],
  "friction": [
    0.3005518615245819,
    0.012474006973206997,
    0.0008717801538296044
  ],
  "cmd": [
    -0.39435815811157227,
    0.02426360547542572,
    -0.3872511088848114
  ],
  "terrain": {
    "mode": "bump",
    "center": [
      1.7009470843843681,
      -0.01461372704398145
    ],
    "radius": 0.11116933874283721,
    "height": 0.03851990439293002,
    "baseline": 0.5
  },
  "phase": 0.8110800206999992,
  "push_start": 2.193277335090301,
  "robustness": -0.00703160697594285,
  "keep_score": 0.29366392800465335,
  "joint_pos_offset": [
    -0.007184050377445105,
    -0.01225451225568948,
    -0.03844168823149083,
    -0.02243884904299202,
    -0.028111665034682928,
    0.04162578251815065,
    -0.010347250137749536,
    0.020503073336489746,
    -0.01834426034936072,
    0.01690515233070953,
    0.02500000037252903,
    -0.03935171565289435
  ],
  "joint_vel_offset": [
    0.01618369346749146,
    -0.019999999552965164,
    -0.019999999552965164,
    -0.003545258398779484,
    -0.009558212101998973,
    -0.0004177168914290101,
    0.004931190449483232,
    -0.019999999552965164,
    -0.019999999552965164,
    -0.019999999552965164,
    0.019999999552965164,
    -0.018035969663923485
  ]
}