{
  "push": [
    13.232559204101562,
    29.010478973388672,
    -47.27436828613281
  ],
  "friction": [
    0.542820155620575,
    0.0069259959273040295,
    0.009539235383272171
  ],
  "cmd": [
    -0.9671178460121155,
    0.0698327049612999,
    0.377672404050827
  ],
  "terrain": {
    "mode": "bump",
    "center": [
      1.825798141629466,
      0.08924625040411405
    ],
    "radius": 0.09592771394619395,
    "height": 0.01001403405077836,
    "baseline": 0.5
  },
  "phase": 0.5,
  "push_start": 1.9955000000000016,
  "robustness": -5.230682373046875,
  "keep_score": 0.3785092755876041,
  "joint_pos_offset": [
    -0.02500000037252903,
    -0.02500000037252903,
    0.024755156519826783,
    -0.047518000308993016,
    0.007521872119964267,
    -0.03824894942690223,
    -0.02500000037252903,
    0.05000000074505806,
    0.04783228771465191,
    -0.03666126985820849,
    0.029878679468748517,
    0.010184045890759155
  ],
  "joint_vel_offset": [
    0.01741040517006205,
    0.008891875491938935,
    -0.0077471470078934665,
    0.012346255089170505,
    0.004124577216185395,
    -0.0008630406626929776,
    0.00943831637021749,
    0.008170838449240148,
    -0.014624974215513033,
    -0.01931476388038557,
    0.0177545867474303,
    0.0022322585522736096
  ]
}