{
  "push": [
    -58.59983825683594,
    8.755657196044922,
    -48.361473083496094
  ],
  "friction": [
    0.2892167270183563,
    0.002081607235595584,
    0.0052129351533949375
  ],
  "cmd": [
    0.31177377700805664,
    -0.0869513675570488,
    0.04769256338477135
  ],
  "phase": 0.2,
  "push_start": 1.8740000000000012,
  "robustness": -17.96190643310547,
  "keep_score": 0.3822224677512253,
  "joint_pos_offset": [
    0.02500000037252903,
    0.02500000037252903,
    -0.021201422020729208,
    0.05000000074505806,
    -0.02500000037252903,
    -0.049768842556119505,
    -0.02500000037252903,
    0.013601731022331795,
    -0.006257146758386821,
    -0.05000000074505806,
    -0.05000000074505806,
    -0.01643467559162281
  ],
  "joint_vel_offset": [
    -0.0024577764572293616,
    -0.00692743049764809,
    -0.0037833852717850487,
    0.009615013360004247,
    0.019999999552965164,
    0.004758561660002651,
    -0.00983709105438668,
    0.0010158995633008476,
    0.019999999552965164,
    0.01978951489823065,
    0.019999999552965164,
    0.010029525585768417
  ]
}