{
  "push": [
    10.9367094039917,
    75.38477325439453,
    -40.76952362060547
  ],
  "friction": [
    0.8085305094718933,
    0.005483201239258051,
    0.00035862394724972546
  ],
  "cmd": [
    0.5236093997955322,
    0.29905351996421814,
    0.10872861742973328
  ],
  "phase": 0.650159991971202,
  "push_start": 2.2535273536090785,
  "robustness": -54.44280242919922,
  "keep_score": 0.4526700248834076,
  "joint_pos_offset": [
    -0.02500000037252903,
    -0.008910264869291725,
    -0.0022512338098476855,
    -0.049872583550337954,
    0.006065630127189154,
    0.03192317712616048,
    0.022047806805921163,
    0.02500000037252903,
    -0.05000000074505806,
    0.03125663167360923,
    0.03732266164112072,
    0.038978525813709884
  ],
  "joint_vel_offset": [
    -0.013814580664108827,
    0.009999999776482582,
    -0.0011309195520865468,
    -0.009616704944230142,
    -0.010865756449161896,
    0.005822791806036409,
    0.012881905749835089,
    0.019999999552965164,
    -0.019999999552965164,
    0.004619729460538086,
    0.00781927161263346,
    0.0027739810798225045
  ]
}