{
  "push": [
    -47.02865982055664,
    27.717845916748047,
    66.4843521118164
  ],
  "friction": [
    0.27704715728759766,
    0.01896960288286209,
    0.006813345476984978
  ],
  "cmd": [
    -0.9846058487892151,
    0.18597926199436188,
    -0.2713097333908081
  ],
  "terrain": {
    "mode": "pit",
    "center": [
      1.1016694019544109,
      0.0661723393609811
    ],
    "radius": 0.17003748215395423,
    "depth": 0.015001842318049113,
    "baseline": 0.5
  },
  "phase": 0.65,
  "push_start": 2.114900000000002,
  "robustness": -240.4480743408203,
  "keep_score": 1.0201516002792381,
  "joint_pos_offset": [
    0.02500000037252903,
    -0.02500000037252903,
    0.022491593197495077,
    -0.05000000074505806,
    -0.00927680652542354,
    -0.04638951817725516,
    0.02500000037252903,
    -0.013884716478858972,
    0.02500000037252903,
    -0.012086453196499685,
    0.02500000037252903,
    0.013114807516613328
  ],
  "joint_vel_offset": [
    0.019999999552965164,
    -0.015134718646912699,
    0.019999999552965164,
    -0.019999999552965164,
    0.01751323894907917,
    -0.018286236303109733,
    -0.019999999552965164,
    0.019999999552965164,
    -0.019999999552965164,
    0.001817744157668914,
    0.005851923688493312,
    -0.019999999552965164
  ]
}