{
  "push": [
    -0.4590049982070923,
    17.89300537109375,
    -17.70323371887207
  ],
  "friction": [
    0.46733760833740234,
    0.018555086106061935,
    0.0070255049504339695
  ],
  "cmd": [
    -0.6797657012939453,
    -0.06333553045988083,
    0.3819645941257477
  ],
  "phase": 0.8500000000000001,
  "push_start": 2.2563500000000016,
  "robustness": -0.05059707164764404,
  "keep_score": 0.357698808441883,
  "joint_pos_offset": [
    -0.02500000037252903,
    0.010261000796120709,
    0.04136549568132791,
    -0.0017597087966899488,
    -0.013547561567219316,
    0.05000000074505806,
    0.02500000037252903,
    0.02500000037252903,
    0.02500000037252903,
    0.05000000074505806,
    0.02500000037252903,
    -0.05000000074505806
  ],
  "joint_vel_offset": [
    0.019999999552965164,
    0.019999999552965164,
    0.019999999552965164,
    0.0007642048113735228,
    -0.019999999552965164,
    0.007175204144671377,
    0.0038150834901804955,
    0.019999999552965164,
    0.014770580569470393,
    0.019999999552965164,
    -0.019999999552965164,
    0.019999999552965164
  ]
}