{
  "push": [
    11.315715789794922,
    -2.7822206020355225,
    -53.193878173828125
  ],
  "friction": [
    0.8952864408493042,
    0.011176600120961666,
    0.002070767106488347
  ],
  "cmd": [
    -0.1886676549911499,
    0.09422161430120468,
    -0.06803172826766968
  ],
  "phase": 0.0,
  "push_start": 1.6080000000000012,
  "robustness": -1.253387451171875,
  "keep_score": 0.3082774153301584,
  "joint_pos_offset": [
    -0.005205118754370068,
    -0.05000000074505806,
    0.05000000074505806,
    0.05000000074505806,
    0.05000000074505806,
    0.05000000074505806,
    -0.02500000037252903,
    0.02500000037252903,
    -0.02500000037252903,
    -0.05000000074505806,
    -0.009782914428666044,
    0.05000000074505806
  ],
  "joint_vel_offset": [
    0.007124690532148658,
    -0.019999999552965164,
    0.019999999552965164,
    0.005706757303129994,
    -0.019999999552965164,
    0.019999999552965164,
    0.019999999552965164,
    0.019999999552965164,
    -0.019999999552965164,
    0.019999999552965164,
    -0.019999999552965164,
    -0.019999999552965164
  ]
}