{
  "push": [
    56.8608283996582,
    -42.44997787475586,
    -46.735591888427734
  ],
  "friction": [
    0.7733761072158813,
    0.013870930299162865,
    0.00891025085002184
  ],
  "cmd": [
    -0.5826672911643982,
    0.2131025642156601,
    -0.040884826332330704
  ],
  "phase": 0.35000000000000003,
  "push_start": 1.7068500000000013,
  "robustness": -27.813369750976562,
  "keep_score": 0.18008517371928218,
  "joint_pos_offset": [
    0.022024222100167683,
    -0.023268695725986173,
    0.02201994584091989,
    0.05000000074505806,
    -0.01812561778791225,
    0.05000000074505806,
    0.02500000037252903,
    -0.006537568879630843,
    -0.016800747890387886,
    -0.05000000074505806,
    -0.031000842108483827,
    0.005861606388186772
  ],
  "joint_vel_offset": [
    0.019999999552965164,
    -0.0018021271882535821,
    -0.019999999552965164,
    0.019999999552965164,
    0.019999999552965164,
    0.00974177053279249,
    -0.019999999552965164,
    -0.019436411334451266,
    0.003397751481461018,
    0.019999999552965164,
    -0.019999999552965164,
    -0.00578101532049085
  ]
}