{
  "push": [
    3.043206214904785,
    9.47153377532959,
    67.49654388427734
  ],
  "friction": [
    0.818088948726654,
    0.0044253068044781685,
    0.0074618118815124035
  ],
  "cmd": [
    0.8002364635467529,
    0.10878027230501175,
    0.289410263299942
  ],
  "terrain": {
    "mode": "flat",
    "baseline": 0.5
  },
  "phase": 0.8,
  "push_start": 2.245200000000002,
  "robustness": -1.6744461059570312,
  "keep_score": 0.19137907844313906,
  "joint_pos_offset": [
    0.05000000074505806,
    0.02500000037252903,
    -0.013162709578597814,
    0.041329143434292025,
    -0.04268307235509681,
    -0.009220174867604191,
    0.02500000037252903,
    0.02500000037252903,
    -0.05000000074505806,
    0.05000000074505806,
    -0.01818318609297633,
    0.05000000074505806
  ],
  "joint_vel_offset": [
    -0.0010086832814437561,
    0.009999999776482582,
    0.019999999552965164,
    0.018691300668826696,
    -0.019999999552965164,
    -0.015561577755573154,
    0.019999999552965164,
    0.009544600946433553,
    0.00965943910859434,
    0.019684554939003562,
    -0.012764120889545878,
    0.0052075447662028145
  ]
}