{
  "push": [
    -58.97106026943697,
    6.511977838652834,
    21.32547558366576
  ],
  "friction": [
    0.20000000298023224,
    0.004825649123704472,
    0.0012423772334605454
  ],
  "cmd": [
    -0.060685768844346455,
    0.08429494553415877,
    -0.02813166477030668
  ],
  "terrain": {
    "mode": "bump",
    "center": [
      0.8141396988691246,
      -0.011801573452812936
    ],
    "radius": 0.1290514443517361,
    "height": 0.038223915961961,
    "baseline": 0.5
  },
  "phase": 0.4787118038656324,
  "push_start": 1.8147691134933344,
  "robustness": -17.851089477539062,
  "keep_score": 0.1935522936037851,
  "joint_pos_offset": [
    0.02500000037252903,
    0.02500000037252903,
    -0.02500000037252903,
    0.05000000074505806,
    0.010639524166654585,
    0.03977410661903474,
    0.01451716041988214,
    0.05000000074505806,
    -0.04953369401735465,
    0.05000000074505806,
    -0.05000000074505806,
    0.042590484585635725
  ],
  "joint_vel_offset": [
    0.017022264372091193,
    0.018768482295598937,
    0.008086257942272409,
    -0.010292755512558085,
    -0.001630896235924495,
    0.007055510091895829,
    -0.00600841278385455,
    0.001399998627172262,
    -0.007459159228072575,
    -0.002281987615367925,
    -0.015434738643257218,
    0.006809339738947458
  ]
}