{
  "push": [
    76.38629913330078,
    35.45472717285156,
    58.174922943115234
  ],
  "friction": [
    0.2790582478046417,
    0.008463072590529919,
    0.008085320703685284
  ],
  "cmd": [
    -0.3950483500957489,
    0.21253156661987305,
    0.3888711929321289
  ],
  "phase": 0.9500000000000001,
  "push_start": 1.7717000000000016,
  "robustness": -12.36248779296875,
  "keep_score": 0.332155751255159,
  "joint_pos_offset": [
    -0.02500000037252903,
    -0.02500000037252903,
    0.02500000037252903,
    -0.046524164566206117,
    0.023342482227376248,
    -0.03232952537390747,
    -0.007039324720110816,
    -0.023213823614705646,
    -0.003733873633910154,
    -0.024768709699794045,
    -0.007597118521589922,
    -0.020100738492353956
  ],
  "joint_vel_offset": [
    0.0019909501512295922,
    -0.019999999552965164,
    -0.003363663047445714,
    -0.013084864301402575,
    -0.019999999552965164,
    -0.003507818797733506,
    0.0036539927700044482,
    -0.011255245861857483,
    0.008458794416042957,
    0.005085906941166769,
    -0.007102307117305626,
    0.016042369005723374
  ]
}