{
  "push": [
    -26.622629165649414,
    68.3460464477539,
    32.20634460449219
  ],
  "friction": [
    0.9866978526115417,
    0.01289378385990858,
    0.007933028973639011
  ],
  "cmd": [
    -0.5185884237289429,
    -0.03106277622282505,
    0.3446314036846161
  ],
  "phase": 0.9500000000000001,
  "push_start": 2.3277500000000018,
  "robustness": -231.2174530029297,
  "keep_score": 1.1832735408992254,
  "joint_pos_offset": [
    0.015543477416854422,
    -0.02500000037252903,
    0.01282116979904763,
    0.05000000074505806,
    -0.04051267054924589,
    0.05000000074505806,
    0.015803453980128786,
    0.02482756879784411,
    0.02500000037252903,
    0.05000000074505806,
    0.02500000037252903,
    0.05000000074505806
  ],
  "joint_vel_offset": [
    0.00406413534882559,
    -0.004091523464326684,
    0.019999999552965164,
    -0.019999999552965164,
    0.019999999552965164,
    -0.019999999552965164,
    -0.019376542781903015,
    -0.019999999552965164,
    -0.019999999552965164,
    0.019999999552965164,
    0.019999999552965164,
    0.019999999552965164
  ]
}