{
  "push": [
    50.67488098144531,
    7.7289814949035645,
    -40.674407958984375
  ],
  "friction": [
    1.304640293121338,
    0.006233845837414265,
    0.009839026257395744
  ],
  "cmd": [
    -0.16253693401813507,
    -0.1448792815208435,
    0.10126412659883499
  ],
  "phase": 0.4,
  "push_start": 2.0708000000000015,
  "robustness": -1.3328003944934608e-07,
  "keep_score": 0.3360774702117265,
  "joint_pos_offset": [
    0.003754630127887364,
    -0.024926232143418416,
    0.026474902149423822,
    -0.01835030089854522,
    0.04688510178805622,
    0.009263494593193611,
    -0.02500000037252903,
    -0.010868448305250694,
    -0.012555961914951416,
    0.03694438642969676,
    -0.017658914978101955,
    0.010908734101832884
  ],
  "joint_vel_offset": [
    0.0060592792088654986,
    0.012325498001031754,
    0.002635368281917069,
    0.0034576739684479413,
    -0.019999999552965164,
    -0.00029991365035391413,
    -0.005404202733180302,
    -0.019999999552965164,
    0.019999999552965164,
    -0.019999999552965164,
    -0.017442688692940692,
    -0.019999999552965164
  ]
}