{
  "push": [
    34.222320556640625,
    -12.802053451538086,
    0.2640276551246643
  ],
  "friction": [
    1.0291748046875,
    0.006882578134536743,
    0.001343372161500156
  ],
  "cmd": [
    0.3091813027858734,
    -0.053630683571100235,
    0.047221746295690536
  ],
  "terrain": {
    "mode": "bump",
    "center": [
      0.7021317319067176,
      -0.29387628787869535
    ],
    "radius": 0.15917516078873084,
    "height": 0.028614822085595903,
    "baseline": 0.5
  },
  "phase": 0.9,
  "push_start": 2.406200000000002,
  "robustness": -4.274578094482422,
  "keep_score": 0.29838401509280355,
  "joint_pos_offset": [
    0.009212908512465203,
    -0.02500000037252903,
    0.024782355257690382,
    0.05000000074505806,
    -0.005708087861291715,
    0.029043122157383534,
    -0.022085906082049443,
    0.0454905772270022,
    -0.05000000074505806,
    0.040256932506623024,
    -0.025515042281736594,
    0.028789748832225917
  ],
  "joint_vel_offset": [
    0.0017881356763008165,
    0.003689793995056095,
    0.019999999552965164,
    0.016604212327204097,
    -0.017437453383796556,
    -0.019999999552965164,
    -0.007707665751905063,
    -0.006478823019729888,
    -0.009645383359869798,
    0.019999999552965164,
    -0.019999999552965164,
    0.019999999552965164
  ]
}