{
  "push": [
    71.95828360650559,
    75.38477325439453,
    -50.04023734382288
  ],
  "friction": [
    0.813258456539756,
    0.005483201239258051,
    0.00035862394724972546
  ],
  "cmd": [
    1.0,
    0.29905351996421814,
    0.10872861742973328
  ],
  "phase": 0.7346398419072576,
  "push_start": 2.1826949236437434,
  "robustness": -160.47837829589844,
  "keep_score": 0.8344016303223873,
  "joint_pos_offset": [
    -0.0482056241105082,
    0.02500000037252903,
    -0.008631583952930556,
    -0.0034751511506312567,
    -0.05000000074505806,
    -0.035221120772281914,
    -0.003985704315907619,
    -0.015688526443160725,
    0.05000000074505806,
    0.010707665893971874,
    -0.04711925371783356,
    -0.04478059964187052
  ],
  "joint_vel_offset": [
    -0.01793509970809878,
    -0.005761783097830755,
    -0.019999999552965164,
    -0.019999999552965164,
    -0.01222268268846162,
    -0.0006142211355133042,
    0.019999999552965164,
    -0.019999999552965164,
    -0.005091253871607468,
    0.002808383510844125,
    -0.00018331222388134893,
    0.01630657406773413
  ]
}