{
  "push": [
    -18.396548974382856,
    2.1255646752752613,
    79.32409344365361
  ],
  "friction": [
    0.6199982549777987,
    0.002562020568669495,
    0.008321526983388302
  ],
  "cmd": [
    0.9019715725052819,
    0.1377867884006619,
    0.17684134106149363
  ],
  "terrain": {
    "mode": "flat",
    "baseline": 0.5
  },
  "phase": 0.7072055619329248,
  "push_start": 1.3443416250027562,
  "robustness": -47.58861541748047,
  "keep_score": 0.35011670746578194,
  "joint_pos_offset": [
    0.04494156813905569,
    0.02176704666280961,
    -0.017336283555974878,
    0.05000000074505806,
    -0.017042274434268787,
    -0.03635193779211165,
    0.02500000037252903,
    -0.02500000037252903,
    0.0437207205591284,
    0.04420646637921756,
    0.018764204281024106,
    -0.019428391292147247
  ],
  "joint_vel_offset": [
    0.001508343525887839,
    -0.00857867989606264,
    0.017645523281525747,
    -0.007441903223796087,
    0.019999999552965164,
    -9.830723460870416e-05,
    0.003742608292918747,
    -0.0019361523309748673,
    -0.010430889463770226,
    0.01979577846162251,
    -0.00026003096518159227,
    -0.015965921419196748
  ]
}