{
  "push": [
    49.008785247802734,
    22.771352767944336,
    40.301177978515625
  ],
  "friction": [
    1.0611529350280762,
    0.018493765965104103,
    0.0077242255210876465
  ],
  "cmd": [
    -0.9253837466239929,
    -0.018135983496904373,
    -0.24466075003147125
  ],
  "terrain": {
    "mode": "pit",
    "center": [
      1.0522102108117537,
      0.25971211136163475
    ],
    "radius": 0.12649860592449297,
    "depth": 0.010080020456971676,
    "baseline": 0.5
  },
  "phase": 0.0,
  "push_start": 1.6060000000000012,
  "robustness": -69.56856536865234,
  "keep_score": 0.7149710977869594,
  "joint_pos_offset": [
    0.02500000037252903,
    0.02500000037252903,
    0.02500000037252903,
    -0.0015350099914972215,
    -0.017932989062116652,
    -0.05000000074505806,
    0.02500000037252903,
    -0.05000000074505806,
    -0.05000000074505806,
    -0.002161744066499094,
    0.0031984400768379755,
    -0.05000000074505806
  ],
  "joint_vel_offset": [
    -0.019999999552965164,
    0.01639972633939333,
    0.019999999552965164,
    0.019999999552965164,
    0.019999999552965164,
    -0.019999999552965164,
    0.005512917115840062,
    -0.019999999552965164,
    0.019999999552965164,
    0.011566654196788975,
    -0.019999999552965164,
    -0.019999999552965164
  ]
}