{
  "push": [
    20.030174255371094,
    39.294925689697266,
    -50.566246032714844
  ],
  "friction": [
    0.4419422149658203,
    0.0036566201597452164,
    0.004542141687124968
  ],
  "cmd": [
    -0.12273113429546356,
    0.20244431495666504,
    -0.13352400064468384
  ],
  "phase": 0.35000000000000003,
  "push_start": 2.104000000000002,
  "robustness": -157.0959930419922,
  "keep_score": 0.7404546391249226,
  "joint_pos_offset": [
    0.024062081573626985,
    -0.0044267364998254784,
    -0.04989166029310386,
    -0.016903373884303782,
    0.03392025178913092,
    0.03996332864402725,
    0.019462547323553677,
    0.01747994288139299,
    0.01580135541242999,
    0.042371971137658684,
    0.009062341687417505,
    0.014607857105890017
  ],
  "joint_vel_offset": [
    0.00885629664275099,
    0.005301935479293781,
    -0.010195228586988056,
    -0.003360033205230954,
    0.004453540852469238,
    0.010239124705618696,
    -0.001030722289616951,
    -0.0028459901236315014,
    -0.015051732105759729,
    0.0015672139370180062,
    0.008396716393058196,
    0.004068700569976078
  ]
}