{
  "push": [
    2.2538716793060303,
    71.0044174194336,
    39.260223388671875
  ],
  "friction": [
    0.8683635592460632,
    0.01810956560075283,
    0.003298786235973239
  ],
  "cmd": [
    -0.7382299304008484,
    0.17308548092842102,
    0.06505709886550903
  ],
  "phase": 0.55,
  "push_start": 2.188800000000002,
  "robustness": -177.43031311035156,
  "keep_score": 0.8053021820762634,
  "joint_pos_offset": [
    -0.05000000074505806,
    0.02500000037252903,
    -0.010386900947867386,
    -0.05000000074505806,
    -0.03593710526809333,
    -0.01106750784824782,
    -0.02500000037252903,
    0.02500000037252903,
    -0.02500000037252903,
    -0.05000000074505806,
    0.008055350336499435,
    0.05000000074505806
  ],
  "joint_vel_offset": [
    -0.019999999552965164,
    0.019999999552965164,
    0.019999999552965164,
    0.001650366233037173,
    -0.019999999552965164,
    -0.019999999552965164,
    -0.003326591810908752,
    -0.019999999552965164,
    -0.019999999552965164,
    0.01848952047300342,
    0.019999999552965164,
    0.019999999552965164
  ]
}