{
  "push": [
    45.77720260620117,
    65.4412841796875,
    -34.092376708984375
  ],
  "friction": [
    0.6492667198181152,
    0.011608853004872799,
    0.005949493031948805
  ],
  "cmd": [
    0.8674270510673523,
    0.2433812916278839,
    0.3454967737197876
  ],
  "phase": 0.7000000000000001,
  "push_start": 2.1748000000000016,
  "robustness": -22.17090606689453,
  "keep_score": 0.22641277050658015,
  "joint_pos_offset": [
    -0.02391666384963067,
    0.021994739361664684,
    -0.04885826781321152,
    -0.04114507895295964,
    -0.010070861421405829,
    -0.037224611906064,
    -0.02500000037252903,
    -0.02235892694443464,
    0.01162829295400403,
    -0.05000000074505806,
    -0.046407289873416614,
    -0.0112213322075976
  ],
  "joint_vel_offset": [
    0.005086705436510652,
    0.009860700653899712,
    0.004533365667088238,
    0.0009742960747558056,
    0.01071459479709973,
    -0.019999999552965164,
    0.008629047702979674,
    0.002940555553879254,
    0.014811595167401562,
    0.0025101119561442486,
    0.00048484069756632637,
    0.004960423515824226
  ]
}