{
  "push": [
    -23.911558151245117,
    56.18413543701172,
    -77.60897827148438
  ],
  "friction": [
    1.7609248161315918,
    0.015393187291920185,
    0.008221031166613102
  ],
  "cmd": [
    -0.7123696804046631,
    0.0679812803864479,
    -0.13591334223747253
  ],
  "terrain": {
    "mode": "pit",
    "center": [
      0.7228989753994877,
      0.20383778267673924
    ],
    "radius": 0.18398915965669516,
    "depth": 0.03701936534767146,
    "baseline": 0.5
  },
  "phase": 0.65,
  "push_start": 2.2374500000000017,
  "robustness": -248.47059631347656,
  "keep_score": 1.16825109427178,
  "joint_pos_offset": [
    -0.011631712581016168,
    -0.017279468502215276,
    -0.0318909479970816,
    -0.020735072359921537,
    0.03925474005146651,
    0.02338493306521068,
    0.0001827763463203005,
    0.016970279372060377,
    -0.009359084117805698,
    -0.012803633579172812,
    -0.011866213045741456,
    -0.03802219172274557
  ],
  "joint_vel_offset": [
    -0.0006895072945629999,
    -0.005122624390980136,
    0.017146190280701877,
    -0.0006062808651676895,
    0.01101029731465828,
    0.019999999552965164,
    0.00746407897528184,
    0.004402113709331239,
    -0.017277519414140952,
    -0.017812901762940113,
    -0.0015468252362868017,
    0.017173353091450787
  ]
}