{
  "push": [
    -44.88212935562807,
    48.636392908125075,
    80.0
  ],
  "friction": [
    0.34858116558242647,
    0.017488766214996315,
    0.008613716417682847
  ],
  "cmd": [
    -0.82559133193329,
    0.11628109109381046,
    -0.08014072833237779
  ],
  "terrain": {
    "mode": "pit",
    "center": [
      1.2394496190233828,
      -0.0520640426214069
    ],
    "radius": 0.17089772914384257,
    "depth": 0.018319660705572713,
    "baseline": 0.5
  },
  "phase": 0.6186992317587922,
  "push_start": 2.046556943025126,
  "robustness": -242.6157989501953,
  "keep_score": 1.0276460071263172,
  "joint_pos_offset": [
    0.05000000074505806,
    -0.02149600280428929,
    -0.05000000074505806,
    -0.05000000074505806,
    0.0038099160633122825,
    0.005214545419474676,
    0.007009318658358973,
    0.02500000037252903,
    -0.02500000037252903,
    -0.05000000074505806,
    -0.01817754031238513,
    -0.0349651452270176
  ],
  "joint_vel_offset": [
    -0.019999999552965164,
    -0.008259085946877416,
    0.01448893676092616,
    0.019999999552965164,
    -0.019999999552965164,
    -0.007957431538760162,
    0.019999999552965164,
    0.019999999552965164,
    0.019999999552965164,
    -0.019999999552965164,
    0.018788085933302123,
    -0.00710525970105294
  ]
}