{
  "push": [
    6.717637371059439,
    80.0,
    -42.140145225077134
  ],
  "friction": [
    1.0696948766708374,
    0.005091677382100207,
    0.008135729469358921
  ],
  "cmd": [
    0.9067503223579982,
    0.30000001192092896,
    -0.030990231977065158
  ],
  "phase": 0.7376722171475875,
  "push_start": 1.9784376300145232,
  "robustness": -67.21437072753906,
  "keep_score": 0.6017987359506332,
  "joint_pos_offset": [
    0.00017010334326124019,
    0.02500000037252903,
    0.05000000074505806,
    -0.04403595093524562,
    -0.0020383842294574676,
    -0.030885407898555775,
    -0.02500000037252903,
    0.02500000037252903,
    0.008520898459643239,
    -0.05000000074505806,
    -0.05000000074505806,
    -0.025787105940539495
  ],
  "joint_vel_offset": [
    0.019999999552965164,
    -0.012546636847081273,
    -0.004713086389068461,
    0.019999999552965164,
    -0.006080566886856662,
    0.019999999552965164,
    0.019999999552965164,
    0.0006699749851034669,
    -0.010105177512753295,
    -0.019999999552965164,
    0.019999999552965164,
    0.019999999552965164
  ]
}