{
  "push": [
    32.714988708496094,
    -29.265003204345703,
    22.193660736083984
  ],
  "friction": [
    0.4368096590042114,
    0.012699892744421959,
    0.00782042182981968
  ],
  "cmd": [
    0.13764411211013794,
    -0.12188737839460373,
    0.02817848138511181
  ],
  "phase": 0.15000000000000002,
  "push_start": 1.7806000000000013,
  "robustness": -18.480667114257812,
  "keep_score": 0.3761546550972297,
  "joint_pos_offset": [
    0.02500000037252903,
    0.008877669920674765,
    -0.005450525598479257,
    -0.027656121368554228,
    -0.02500000037252903,
    -0.0006587560321195838,
    -0.0013505739958933512,
    -0.0263324458234823,
    0.010260500368654876,
    -0.023449903048351872,
    0.0010694515674671149,
    0.005578420752899197
  ],
  "joint_vel_offset": [
    -0.011417174533754751,
    0.006077856824695964,
    -0.005007375301705109,
    0.0022865272909400654,
    -0.01763444562433722,
    -0.019999999552965164,
    0.01057290162720422,
    0.0031450482096463577,
    -0.019999999552965164,
    -0.0031988311111717386,
    -0.014613475850554381,
    0.0011910739673937328
  ]
}