{
  "push": [
    45.77720260620117,
    65.4412841796875,
    69.66609191894531
  ],
  "friction": [
    0.6492667198181152,
    0.012146256864070892,
    0.008288271725177765
  ],
  "cmd": [
    0.9739946126937866,
    0.2433812916278839,
    0.24870991706848145
  ],
  "phase": 0.7624548707239106,
  "push_start": 1.4564534282060302,
  "robustness": -9.128738403320312,
  "keep_score": 0.32051414572788145,
  "joint_pos_offset": [
    0.011007940732177911,
    0.02500000037252903,
    -0.020067628353291782,
    0.038920770295523335,
    0.00181630348251898,
    0.019635942307303623,
    0.02500000037252903,
    0.02500000037252903,
    -0.05000000074505806,
    -0.02971222251710083,
    0.05000000074505806,
    -0.05000000074505806
  ],
  "joint_vel_offset": [
    -0.019999999552965164,
    -0.01745042025381336,
    0.012536658070127216,
    0.004169653114964814,
    0.0020785400839883825,
    -0.01899800738652116,
    0.002310484921496195,
    0.019999999552965164,
    -0.019617580411779027,
    -0.010458225738709356,
    0.01434417261050879,
    -0.003120726933169624
  ]
}