{
  "push": [
    71.95828247070312,
    62.728538513183594,
    48.49728775024414
  ],
  "friction": [
    1.2399063110351562,
    0.009511522017419338,
    0.005942033603787422
  ],
  "cmd": [
    -0.6946293711662292,
    0.21307219564914703,
    0.16155268251895905
  ],
  "phase": 0.37504931188368484,
  "push_start": 1.574021302733753,
  "robustness": -277.77520751953125,
  "keep_score": 1.3218045174081485,
  "joint_pos_offset": [
    0.018871354782656512,
    -0.008391195978772996,
    -0.008542226729326662,
    0.05000000074505806,
    0.009662794102371502,
    -0.0005798443557534479,
    0.02500000037252903,
    -0.02500000037252903,
    -0.02500000037252903,
    0.019552563902252063,
    -0.02182268838539323,
    -0.012946515774528749
  ],
  "joint_vel_offset": [
    0.01592525985283401,
    0.010222391324043584,
    -0.0008827423965515266,
    -0.017579296153691627,
    -0.019999999552965164,
    0.004546939607187054,
    -0.005118752791442343,
    0.019999999552965164,
    0.017766740669529414,
    0.019999999552965164,
    -0.019345802285430296,
    -0.019999999552965164
  ]
}