{
  "push": [
    -42.78190612792969,
    -18.41192054748535,
    -64.28392028808594
  ],
  "friction": [
    0.597593367099762,
    0.003997888881713152,
    0.002942523919045925
  ],
  "cmd": [
    0.05456675589084625,
    -0.18126142024993896,
    0.4280306100845337
  ],
  "terrain": {
    "mode": "flat",
    "baseline": 0.5
  },
  "phase": 0.6000000000000001,
  "push_start": 2.1284000000000014,
  "robustness": -8.015411376953125,
  "keep_score": 0.39926560492750385,
  "joint_pos_offset": [
    0.004196487918751365,
    -0.0007997045903576482,
    0.015028017726988988,
    -0.04828448521545323,
    -0.011240063053625666,
    -0.05000000074505806,
    0.0006731106127755198,
    -0.05000000074505806,
    0.02500000037252903,
    0.024644006295321368,
    0.05000000074505806,
    -0.012494765046157083
  ],
  "joint_vel_offset": [
    -0.015520692398856811,
    -0.007143058926963991,
    0.01940391121984172,
    0.019999999552965164,
    -0.019966644882386957,
    0.018002808093650055,
    0.019445111730691966,
    -0.0056535761724505074,
    -0.019076949455687567,
    0.019999999552965164,
    0.011697533808784983,
    -0.0025219141792574267
  ]
}