{
  "push": [
    -58.228023529052734,
    36.05899429321289,
    11.498601913452148
  ],
  "friction": [
    0.8260603547096252,
    0.007399131543934345,
    0.008714156225323677
  ],
  "cmd": [
    -0.0447985902428627,
    0.08720003068447113,
    -0.19235996901988983
  ],
  "terrain": {
    "mode": "bump",
    "center": [
      1.8793306058559,
      -0.3238895677353043
    ],
    "radius": 0.1595112862707288,
    "height": 0.04709537931403625,
    "baseline": 0.5
  },
  "phase": 0.35000000000000003,
  "push_start": 1.8615000000000015,
  "robustness": -29.47314453125,
  "keep_score": 0.4436034639704967,
  "joint_pos_offset": [
    0.02500000037252903,
    0.023274250479651603,
    -0.02500000037252903,
    0.05000000074505806,
    0.02500000037252903,
    -0.022828964751848996,
    -0.02500000037252903,
    0.013407792736017679,
    -0.03461748476344424,
    -0.020578152565002436,
    -0.0376424220635536,
    -0.03161195612933576
  ],
  "joint_vel_offset": [
    0.006164862808778551,
    -0.019999999552965164,
    0.003788760780910716,
    0.01942108725625464,
    -0.019999999552965164,
    0.019999999552965164,
    -0.0010020448861470643,
    0.019999999552965164,
    0.012035335182623192,
    -0.0019311273519124884,
    0.004672619735745997,
    -0.011268409589943372
  ]
}