{
  "push": [
    6.717637371059439,
    80.0,
    -42.140145225077134
  ],
  "friction": [
    0.24046185108509543,
    0.005091677382100207,
    0.005144145200325797
  ],
  "cmd": [
    0.9067503223579982,
    0.30000001192092896,
    -0.030990231977065158
  ],
  "phase": 0.8431213908681539,
  "push_start": 2.2766548003693807,
  "robustness": -75.74445343017578,
  "keep_score": 0.5861046879021089,
  "joint_pos_offset": [
    -0.02500000037252903,
    -0.001165092500290739,
    -0.007582905062723922,
    0.03165071570099917,
    0.032930958995624024,
    0.01877222190706198,
    0.01772333557280892,
    0.02500000037252903,
    -0.05000000074505806,
    -0.03383164678139526,
    0.038703190371555396,
    0.027555390101953733
  ],
  "joint_vel_offset": [
    0.0013029575194853493,
    -0.009999999776482582,
    0.017722345921294586,
    0.019999999552965164,
    -0.0019075946796278122,
    0.010935542102910346,
    0.013161804524857634,
    0.019999999552965164,
    0.0025202924763834123,
    -0.010113505651625238,
    0.008860143765257466,
    -0.008466067692071085
  ]
}