{
  "push": [
    56.8608283996582,
    -42.44997787475586,
    -46.735591888427734
  ],
  "friction": [
    0.7733761072158813,
    0.013870930299162865,
    0.00891025085002184
  ],
  "cmd": [
    -0.5826672911643982,
    0.2131025642156601,
    -0.040884826332330704
  ],
  "phase": 0.2041724626867193,
  "push_start": 1.761250070223993,
  "robustness": -19.699378967285156,
  "keep_score": 0.15087453660000621,
  "joint_pos_offset": [
    0.02500000037252903,
    -0.02500000037252903,
    0.05000000074505806,
    -0.014208005570220866,
    0.05000000074505806,
    -0.05000000074505806,
    0.02500000037252903,
    -0.008179809040566283,
    -0.01565694236724791,
    0.05000000074505806,
    0.006987138247495911,
    -0.04228934727787521
  ],
  "joint_vel_offset": [
    -0.019999999552965164,
    -0.019999999552965164,
    -0.019999999552965164,
    0.0010211171874069669,
    0.006452849951412454,
    -0.019999999552965164,
    -0.019999999552965164,
    -0.019999999552965164,
    0.019999999552965164,
    0.019999999552965164,
    0.019999999552965164,
    0.004212058875721366
  ]
}