{
  "push": [
    6.005410671234131,
    4.890600681304932,
    3.937213897705078
  ],
  "friction": [
    0.7879423499107361,
    0.012474006973206997,
    0.0046040453016757965
  ],
  "cmd": [
    0.03222811222076416,
    0.2650841474533081,
    -0.3872511088848114
  ],
  "terrain": {
    "mode": "bump",
    "center": [
      1.9826446123685924,
      -0.46859402281997653
    ],
    "radius": 0.17816292233698028,
    "height": 0.025637226789822012,
    "baseline": 0.5
  },
  "phase": 0.7367330789259324,
  "push_start": 2.1376049483791544,
  "robustness": -6.997539520263672,
  "keep_score": 0.21776080017200575,
  "joint_pos_offset": [
    0.01389617138755319,
    0.02482201918730257,
    -0.05000000074505806,
    0.05000000074505806,
    -0.016361228503305653,
    0.029259363040632654,
    -0.02500000037252903,
    0.02500000037252903,
    -0.01320802845062951,
    -0.05000000074505806,
    0.022999730484637163,
    0.043887335256613424
  ],
  "joint_vel_offset": [
    0.01478303863407578,
    -0.010508204561328149,
    0.019999999552965164,
    0.019999999552965164,
    -0.014785159656650197,
    -0.019999999552965164,
    0.019999999552965164,
    0.019999999552965164,
    0.0005441974606979413,
    -0.018898030977325203,
    -0.016297390228847297,
    -0.0013242004219852683
  ]
}