{
  "push": [
    6.717637371059439,
    80.0,
    -42.140145225077134
  ],
  "friction": [
    0.24046185108509543,
    0.005091677382100207,
    0.005144145200325797
  ],
  "cmd": [
    0.9067503223579982,
    0.30000001192092896,
    -0.030990231977065158
  ],
  "phase": 0.35000000000000003,
  "push_start": 1.8440000000000014,
  "robustness": -152.16494750976562,
  "keep_score": 0.6080471911615167,
  "joint_pos_offset": [
    0.02500000037252903,
    0.02500000037252903,
    -0.02500000037252903,
    0.05000000074505806,
    -0.009956956080407716,
    -0.05000000074505806,
    0.02500000037252903,
    0.02500000037252903,
    -0.02500000037252903,
    0.02500000037252903,
    -1.5940813225139017e-05,
    0.05000000074505806
  ],
  "joint_vel_offset": [
    -0.004295406909805572,
    -0.019999999552965164,
    0.019999999552965164,
    0.019999999552965164,
    -0.01101991711518661,
    -0.019999999552965164,
    0.007634504512175748,
    -0.019999999552965164,
    0.019999999552965164,
    0.019999999552965164,
    -0.010414421368098873,
    -0.019999999552965164
  ]
}