{
  "push": [
    52.455291748046875,
    9.351082801818848,
    -15.701275825500488
  ],
  "friction": [
    1.01072096824646,
    0.017202334478497505,
    0.00690020015463233
  ],
  "cmd": [
    0.677237868309021,
    -0.2530061602592468,
    -0.016116933897137642
  ],
  "terrain": {
    "mode": "bump",
    "center": [
      1.9974102029379681,
      -0.4390361897423527
    ],
    "radius": 0.17099910896280032,
    "height": 0.031903641447424726,
    "baseline": 0.5
  },
  "phase": 0.8500000000000001,
  "push_start": 2.259850000000002,
  "robustness": -0.3147181272506714,
  "keep_score": 0.15952689335173184,
  "joint_pos_offset": [
    0.01663987281160962,
    -0.004538229377329669,
    -0.0028251099795304838,
    -0.016071725615688807,
    0.029724363467352646,
    -0.05000000074505806,
    0.011080239783184486,
    0.022151144217912058,
    -0.04170805007850941,
    0.046428705415456246,
    -0.04951194915501773,
    0.017755932265535835
  ],
  "joint_vel_offset": [
    0.005518754130802504,
    -0.0015763473879922864,
    0.010068397084977044,
    0.013323443170197444,
    -0.008717697172528205,
    -0.011391298587172971,
    -0.007229001391525623,
    0.009542511850750557,
    -0.007316024049810656,
    0.01555417822669788,
    0.002288532153930163,
    -0.017012823227566053
  ]
}