{
  "push": [
    70.46996167648133,
    48.925479244031735,
    1.7411805647142593
  ],
  "friction": [
    0.6586091242301785,
    0.017734614801408824,
    0.009354682304515558
  ],
  "cmd": [
    0.4456139058393656,
    0.20218775795158242,
    -0.22784785422136344
  ],
  "terrain": {
    "mode": "pit",
    "center": [
      2.0,
      0.08480523401123546
    ],
    "radius": 0.14665090597738095,
    "depth": 0.015159592305062412,
    "baseline": 0.5
  },
  "phase": 0.75,
  "push_start": 2.1717500000000016,
  "robustness": -82.44549560546875,
  "keep_score": 0.5482505004831253,
  "joint_pos_offset": [
    -0.02500000037252903,
    0.02500000037252903,
    0.05000000074505806,
    0.05000000074505806,
    -0.05000000074505806,
    0.022326013073325157,
    0.02500000037252903,
    -0.02500000037252903,
    -0.02500000037252903,
    0.030231300741434097,
    -0.05000000074505806,
    0.05000000074505806
  ],
  "joint_vel_offset": [
    -0.019999999552965164,
    0.019999999552965164,
    -0.011144408024847507,
    0.019999999552965164,
    -0.005196448415517807,
    0.009837929159402847,
    -0.019999999552965164,
    -0.019999999552965164,
    0.019999999552965164,
    0.019999999552965164,
    0.019999999552965164,
    -0.019999999552965164
  ]
}