{
  "push": [
    -52.791285615039435,
    7.383313619764059,
    67.29275229137528
  ],
  "friction": [
    0.20000000298023224,
    0.015834141782659204,
    0.008216182607018544
  ],
  "cmd": [
    -0.8777296715858798,
    0.1990989412040825,
    -0.41995847553800586
  ],
  "terrain": {
    "mode": "pit",
    "center": [
      1.2943719797137931,
      -0.019625377906776598
    ],
    "radius": 0.18832312230643367,
    "depth": 0.01349875787263351,
    "baseline": 0.5
  },
  "phase": 0.48148318419012015,
  "push_start": 1.97333458993231,
  "robustness": -226.9634246826172,
  "keep_score": 0.7846492764340701,
  "joint_pos_offset": [
    0.05000000074505806,
    0.05000000074505806,
    -0.03096837300759951,
    0.019780878498563116,
    -0.03470409108574114,
    0.009416827684229896,
    -0.02500000037252903,
    0.02500000037252903,
    0.011127135980472377,
    -0.02880001023227846,
    -0.004312860379727021,
    0.014552614538111797
  ],
  "joint_vel_offset": [
    -0.011956262099105013,
    0.019999999552965164,
    -0.019999999552965164,
    -0.019999999552965164,
    -0.019999999552965164,
    0.019999999552965164,
    0.010226127027741375,
    0.01414178773871283,
    -0.019999999552965164,
    -0.013037146842832206,
    0.007280294738075874,
    -0.019999999552965164
  ]
}