{
  "push": [
    -59.218231201171875,
    18.26930809020996,
    53.20944595336914
  ],
  "friction": [
    0.670042097568512,
    0.00326963746920228,
    0.005594833754003048
  ],
  "cmd": [
    -0.33943986892700195,
    -0.2131204903125763,
    -0.4395746886730194
  ],
  "terrain": {
    "mode": "flat",
    "baseline": 0.5
  },
  "phase": 1.0,
  "push_start": 2.520000000000002,
  "robustness": -252.00828552246094,
  "keep_score": 1.0169042380164421,
  "joint_pos_offset": [
    -0.02500000037252903,
    -0.02500000037252903,
    -0.006795690121615326,
    -0.040660064434462476,
    -0.02387139300956929,
    -0.017666223941479278,
    0.016289130644164877,
    -0.02500000037252903,
    0.04847300944928216,
    0.002444511292392826,
    -0.048581045204658224,
    0.015621508303359236
  ],
  "joint_vel_offset": [
    -0.01452249212176738,
    0.019999999552965164,
    0.019999999552965164,
    -0.007629533726154228,
    -0.013043322779102154,
    -0.007763942577888725,
    -0.008351072334219965,
    -0.0009236450017023722,
    0.0010332393600808905,
    0.019999999552965164,
    -0.012177665038782936,
    0.0032033021092389155
  ]
}