{
  "push": [
    25.42593002319336,
    -36.62018585205078,
    72.94654846191406
  ],
  "friction": [
    0.729968786239624,
    0.016496306285262108,
    0.0036673941649496555
  ],
  "cmd": [
    0.009330052882432938,
    0.23936918377876282,
    -0.1000879555940628
  ],
  "terrain": {
    "mode": "bump",
    "center": [
      0.5759439461916156,
      0.420440297404006
    ],
    "radius": 0.15043711375453778,
    "height": 0.031450839595615156,
    "baseline": 0.5
  },
  "phase": 0.05,
  "push_start": 1.7654000000000012,
  "robustness": -3.9935989379882812,
  "keep_score": 0.3306749842876045,
  "joint_pos_offset": [
    -0.02500000037252903,
    -0.02500000037252903,
    0.02500000037252903,
    -0.05000000074505806,
    -0.02500000037252903,
    -0.05000000074505806,
    -0.023967811189429387,
    0.02500000037252903,
    0.05000000074505806,
    -0.05000000074505806,
    -0.05000000074505806,
    0.04361190879667948
  ],
  "joint_vel_offset": [
    0.019999999552965164,
    -0.00027811189292368393,
    -0.015364143273140972,
    0.019999999552965164,
    0.019999999552965164,
    -0.019999999552965164,
    0.019999999552965164,
    -0.019999999552965164,
    0.019999999552965164,
    -0.019999999552965164,
    -0.019999999552965164,
    0.019999999552965164
  ]
}