{
  "push": [
    -6.07712984085083,
    20.820688247680664,
    21.01287078857422
  ],
  "friction": [
    1.2233836650848389,
    0.011397703550755978,
    0.009451950900256634
  ],
  "cmd": [
    -0.8476549386978149,
    0.12155210226774216,
    0.426433801651001
  ],
  "phase": 0.45,
  "push_start": 1.9481500000000014,
  "robustness": -0.4050806760787964,
  "keep_score": 0.26513861703282654,
  "joint_pos_offset": [
    -0.02500000037252903,
    0.02500000037252903,
    -0.02500000037252903,
    -0.043996714842078254,
    -0.0025332751667735635,
    0.023558614110020193,
    0.01903104351366584,
    -0.05000000074505806,
    0.04273613300096942,
    0.030621491067656773,
    0.004988173689590265,
    0.02893289982206187
  ],
  "joint_vel_offset": [
    -0.006690427139658588,
    0.008829095358886107,
    0.008468092854412117,
    -0.019999999552965164,
    0.011071278142615529,
    -0.016621914529167565,
    -0.018299736758781413,
    -0.012145795520583464,
    -0.010582043759412577,
    0.019999999552965164,
    -0.011272218589365755,
    0.019999999552965164
  ]
}