{
  "push": [
    -52.791285615039435,
    7.383313619764059,
    67.29275229137528
  ],
  "friction": [
    0.20000000298023224,
    0.015834141782659204,
    0.008216182607018544
  ],
  "cmd": [
    -0.8777296715858798,
    0.1990989412040825,
    -0.41995847553800586
  ],
  "terrain": {
    "mode": "pit",
    "center": [
      1.2943719797137931,
      -0.019625377906776598
    ],
    "radius": 0.18832312230643367,
    "depth": 0.01349875787263351,
    "baseline": 0.5
  },
  "phase": 0.48148318419012015,
  "push_start": 1.9782975563006904,
  "robustness": -190.93145751953125,
  "keep_score": 0.6600770774319968,
  "joint_pos_offset": [
    0.02392570310711433,
    0.014817302144619841,
    -0.023511460268918837,
    0.03800627006235451,
    -0.0015976090800433095,
    0.02774078824784979,
    -0.02500000037252903,
    0.05000000074505806,
    -0.05000000074505806,
    -0.03681717516659504,
    0.029662963639965234,
    0.01401721112918895
  ],
  "joint_vel_offset": [
    -0.0104144752052432,
    -0.013795221791766649,
    0.008534174211137653,
    -0.007675579667255497,
    -0.016669773574580903,
    -0.0019602780614859025,
    0.0035513984685298493,
    -0.019999999552965164,
    0.010276076219221553,
    -0.007332310674463081,
    -0.013638830592323766,
    -0.019999999552965164
  ]
}