{
  "push": [
    -31.539518356323242,
    -44.70201873779297,
    -44.21030807495117
  ],
  "friction": [
    0.8075263500213623,
    0.008117487654089928,
    0.0002568138879723847
  ],
  "cmd": [
    -0.5344859957695007,
    -0.2557448148727417,
    -0.0668717697262764
  ],
  "terrain": {
    "mode": "pit",
    "center": [
      1.317121442113046,
      0.17711575768371846
    ],
    "radius": 0.18241871369605167,
    "depth": 0.014670777085463365,
    "baseline": 0.5
  },
  "phase": 0.15000000000000002,
  "push_start": 1.7291500000000013,
  "robustness": -279.72650146484375,
  "keep_score": 1.268564634577221,
  "joint_pos_offset": [
    -0.02500000037252903,
    -0.022932685081521142,
    0.02186954327257747,
    -0.04995517140743371,
    0.012838743741749174,
    -0.010860346740433787,
    0.01895914475019129,
    -0.03584519839305141,
    -0.02077599430061983,
    0.01944911998963176,
    0.03972953909076017,
    -0.04902244043641566
  ],
  "joint_vel_offset": [
    -0.013312411573638903,
    0.013555073481240312,
    0.017400939608986712,
    -0.008799740732692629,
    -0.010088029506417743,
    -0.017869282207840162,
    -0.01354185923347948,
    -0.0073555859128599625,
    0.017373158326182855,
    -0.011184595814704022,
    0.016195464923082672,
    -0.0022913515461638915
  ]
}