{
  "push": [
    -31.539518356323242,
    -44.70201873779297,
    15.940973281860352
  ],
  "friction": [
    0.7730695605278015,
    0.010230972431600094,
    0.0002568138879723847
  ],
  "cmd": [
    0.4857877492904663,
    -0.2557448148727417,
    -0.0668717697262764
  ],
  "terrain": {
    "mode": "pit",
    "center": [
      2.0,
      0.08480523401123546
    ],
    "radius": 0.14665090597738095,
    "depth": 0.015159592305062412,
    "baseline": 0.5
  },
  "phase": 0.2634375250405102,
  "push_start": 1.8166803310049384,
  "robustness": -194.23240661621094,
  "keep_score": 0.9729885604544368,
  "joint_pos_offset": [
    0.01508873480048394,
    -0.0006498017632381101,
    0.01063034836306301,
    -0.007703656439482214,
    -0.013461008019177732,
    0.05000000074505806,
    -0.02500000037252903,
    0.0010451377005415408,
    0.01636021978069492,
    -0.0016685328217725492,
    -0.03567755191977386,
    -0.029024502651448163
  ],
  "joint_vel_offset": [
    0.019999999552965164,
    0.019999999552965164,
    0.002117380668723594,
    0.017532911790670985,
    0.019999999552965164,
    0.0008989823561637317,
    0.013042094430171059,
    -0.011327854200653966,
    0.018706641539404843,
    0.00903009583488179,
    -0.0020713447948916266,
    -0.0006318161462067614
  ]
}