{
  "push": [
    -29.50569725036621,
    32.90672302246094,
    -23.118545532226562
  ],
  "friction": [
    1.2490097284317017,
    0.009855707176029682,
    0.00846608355641365
  ],
  "cmd": [
    -0.25404757261276245,
    0.18735671043395996,
    0.4122014343738556
  ],
  "terrain": {
    "mode": "bump",
    "center": [
      1.8350343524644626,
      0.21805202372162324
    ],
    "radius": 0.18077748860616996,
    "height": 0.010905672180608757,
    "baseline": 0.5
  },
  "phase": 0.6000000000000001,
  "push_start": 2.1872000000000016,
  "robustness": -43.159088134765625,
  "keep_score": 0.490919450977027,
  "joint_pos_offset": [
    0.02500000037252903,
    -0.020741545124285762,
    -0.014271217950703073,
    -0.03028005120804876,
    -0.026672380510987796,
    0.012591496284393738,
    0.02500000037252903,
    0.02500000037252903,
    -0.02305646870819556,
    0.0004026241104689767,
    -0.018997980082662246,
    0.027099775020267183
  ],
  "joint_vel_offset": [
    0.019999999552965164,
    -0.0018326910119024532,
    -0.010499521470369089,
    0.019999999552965164,
    -0.010045636038327931,
    -0.012689217676177412,
    -0.012827019692657904,
    0.019999999552965164,
    -0.008317011928349324,
    -0.0025820128187326267,
    0.019999999552965164,
    0.001389407059838658
  ]
}