{
  "push": [
    62.687965393066406,
    -38.8599739074707,
    -28.007661819458008
  ],
  "friction": [
    1.442130446434021,
    0.001153443823568523,
    0.0035730795934796333
  ],
  "cmd": [
    -0.9076499342918396,
    -0.1864391714334488,
    -0.36987772583961487
  ],
  "terrain": {
    "mode": "flat",
    "baseline": 0.5
  },
  "phase": 0.5,
  "push_start": 2.2630000000000017,
  "robustness": -97.984130859375,
  "keep_score": 0.5501374986754454,
  "joint_pos_offset": [
    0.010085094539433438,
    -0.007161663417325962,
    0.007810626996678168,
    -0.02572447245808119,
    -0.0004658199987312055,
    0.018275289918542208,
    0.02500000037252903,
    0.023986206174421036,
    -0.02500000037252903,
    -0.05000000074505806,
    0.015700608707894047,
    0.01303887699342082
  ],
  "joint_vel_offset": [
    0.017857740495838208,
    0.011425811317709285,
    0.019999999552965164,
    -0.010571864186275322,
    0.01874722287161059,
    0.0014514992438144263,
    0.018009607268596232,
    -0.017664087651962236,
    0.0024264457484362255,
    -0.013167946868620661,
    -0.010801854602595707,
    0.013731295922856063
  ]
}