{
  "push": [
    19.607025714715306,
    21.195401241843484,
    -42.140145225077134
  ],
  "friction": [
    0.4658804755158088,
    0.01448784671005366,
    0.005144145200325797
  ],
  "cmd": [
    0.9067503223579982,
    0.1651120333513223,
    0.4876856784311049
  ],
  "phase": 0.25730878843788507,
  "push_start": 1.5824203158118098,
  "robustness": -0.26842784881591797,
  "keep_score": 0.2983471630039459,
  "joint_pos_offset": [
    -0.02500000037252903,
    -0.05000000074505806,
    0.05000000074505806,
    -0.0167479345799506,
    0.004005620833598608,
    -0.04115500812057894,
    -0.001378708997524316,
    -0.02500000037252903,
    -0.02500000037252903,
    -0.04692252084976318,
    0.018385872708818266,
    -0.05000000074505806
  ],
  "joint_vel_offset": [
    -0.004490301442004716,
    -0.00728102325653479,
    0.019999999552965164,
    -0.012567719051239315,
    -0.010180561520891829,
    0.019999999552965164,
    0.0007498933173118692,
    -0.006297120990724693,
    -0.01382867786492864,
    -0.019999999552965164,
    0.019999999552965164,
    -0.0047208515921898135
  ]
}