{
  "push": [
    -10.655076026916504,
    -20.50127410888672,
    5.783385753631592
  ],
  "friction": [
    1.0696948766708374,
    0.011185070499777794,
    0.008135729469358921
  ],
  "cmd": [
    0.7043970823287964,
    -0.2887427508831024,
    0.41774746775627136
  ],
  "phase": 0.2,
  "push_start": 1.7744000000000013,
  "robustness": -0.08997738361358643,
  "keep_score": 0.2640042346830474,
  "joint_pos_offset": [
    0.022757825593946755,
    -0.02500000037252903,
    0.02500000037252903,
    -0.04729907263777201,
    0.02500000037252903,
    -0.05000000074505806,
    0.02500000037252903,
    0.02500000037252903,
    0.02500000037252903,
    0.05000000074505806,
    -0.016407300674089912,
    0.02281793799918318
  ],
  "joint_vel_offset": [
    0.009005823706300289,
    0.019999999552965164,
    0.019999999552965164,
    0.01949309379458902,
    0.019999999552965164,
    -0.019999999552965164,
    -0.019999999552965164,
    0.019999999552965164,
    -0.019999999552965164,
    -0.019999999552965164,
    -0.019999999552965164,
    -0.019999999552965164
  ]
}