{
  "push": [
    45.580260918133135,
    -44.43984385272204,
    -23.09298621655859
  ],
  "friction": [
    0.6644917592400903,
    0.014163743864576122,
    0.0034057239226380404
  ],
  "cmd": [
    0.239643901926061,
    0.15197397826626358,
    -0.23230913840204467
  ],
  "phase": 0.06876657847296223,
  "push_start": 1.6563371354422096,
  "robustness": -0.9984664916992188,
  "keep_score": 0.1173514928601314,
  "joint_pos_offset": [
    0.0038069944783534967,
    0.02493956663825899,
    0.05000000074505806,
    0.05000000074505806,
    0.05000000074505806,
    0.04089350128892234,
    0.013383769268286827,
    -0.02005949166616414,
    -0.02500000037252903,
    0.04146509651285536,
    0.011476612685374154,
    -0.05000000074505806
  ],
  "joint_vel_offset": [
    0.008268937089266402,
    -0.019999999552965164,
    0.00048051265838453677,
    -0.019999999552965164,
    -0.019999999552965164,
    0.008960361776771907,
    -0.019999999552965164,
    0.019999999552965164,
    0.019999999552965164,
    -0.0003865759223869586,
    0.019999999552965164,
    -0.019999999552965164
  ]
}