{
  "push": [
    -25.270456314086914,
    -42.22914505004883,
    -49.58481216430664
  ],
  "friction": [
    0.5373321175575256,
    0.006594612263143063,
    0.00495063466951251
  ],
  "cmd": [
    0.6579892039299011,
    -0.20751596987247467,
    -0.22188925743103027
  ],
  "phase": 0.1,
  "push_start": 1.8770000000000016,
  "robustness": -59.97080993652344,
  "keep_score": 0.5334559197885911,
  "joint_pos_offset": [
    0.018480012105768485,
    -0.02500000037252903,
    0.019132910493850394,
    0.03832475296301807,
    0.005276932820700452,
    -0.03978187099426597,
    -0.02500000037252903,
    0.02500000037252903,
    -0.03680805068827628,
    0.002997864100741561,
    -0.013923084986825351,
    -0.0074605825247175996
  ],
  "joint_vel_offset": [
    0.01864607437691048,
    -0.011430623203184418,
    0.004845678874376656,
    -0.003831086632100706,
    0.000944976179164711,
    -0.0010220779538337881,
    -0.008879356639915122,
    0.008643573234303491,
    0.008184807040473148,
    -0.007965562165243665,
    -0.019999999552965164,
    0.013718284344938762
  ]
}