{
  "push": [
    24.342098236083984,
    75.38477325439453,
    -40.76952362060547
  ],
  "friction": [
    0.27480801939964294,
    0.005483201239258051,
    0.005247889086604118
  ],
  "cmd": [
    0.5236093997955322,
    0.29905351996421814,
    0.10872861742973328
  ],
  "phase": 0.3831292370865188,
  "push_start": 1.9179831184956793,
  "robustness": -92.99725341796875,
  "keep_score": 0.3347932098035461,
  "joint_pos_offset": [
    0.021854489482106082,
    0.0019628612685847167,
    0.02500000037252903,
    0.05000000074505806,
    -0.010021886028299471,
    -0.0007089267039217806,
    -0.0030230845463405445,
    -0.011521703960736096,
    -0.022537245876598288,
    0.006767413337427537,
    -0.013529152878279126,
    0.008316168281997976
  ],
  "joint_vel_offset": [
    0.019999999552965164,
    0.019999999552965164,
    -0.01341629086433932,
    -0.009841150992424386,
    -0.019999999552965164,
    0.011116819085114877,
    -0.019999999552965164,
    -0.019999999552965164,
    0.0014828348557978837,
    0.003685782380191597,
    -0.0013315105492143061,
    -0.019999999552965164
  ]
}