{
  "push": [
    25.719154357910156,
    -10.492663383483887,
    -26.33873176574707
  ],
  "friction": [
    1.8445048332214355,
    0.010230972431600094,
    0.003652600571513176
  ],
  "cmd": [
    0.4857877492904663,
    0.07340706139802933,
    0.4186720848083496
  ],
  "terrain": {
    "mode": "flat",
    "baseline": 0.5
  },
  "phase": 0.17606809659639072,
  "push_start": 1.7463536424187702,
  "robustness": -191.9127960205078,
  "keep_score": 1.0593038614572619,
  "joint_pos_offset": [
    0.00914334713106094,
    -0.022643976025026987,
    0.012471866236706024,
    0.0005273865363317753,
    -0.02500000037252903,
    0.05000000074505806,
    -0.02500000037252903,
    0.04285567203048095,
    -0.05000000074505806,
    0.05000000074505806,
    0.05000000074505806,
    0.05000000074505806
  ],
  "joint_vel_offset": [
    0.019999999552965164,
    0.01814870439846008,
    0.004532415031060848,
    0.019999999552965164,
    -0.013907801193987913,
    0.019999999552965164,
    -0.019999999552965164,
    0.019999999552965164,
    -0.019999999552965164,
    -0.019999999552965164,
    -0.019999999552965164,
    0.019999999552965164
  ]
}