{
  "push": [
    -53.119158210868434,
    35.26739127717819,
    60.446290138969225
  ],
  "friction": [
    0.5587657996995055,
    0.0014013264600177319,
    0.0057686413490862214
  ],
  "cmd": [
    -0.15583961312065403,
    -0.24992530643912453,
    -0.46561552451457366
  ],
  "terrain": {
    "mode": "flat",
    "baseline": 0.5
  },
  "phase": 0.8816185128257991,
  "push_start": 2.235173421798706,
  "robustness": -234.46153259277344,
  "keep_score": 0.9628625206285394,
  "joint_pos_offset": [
    -0.008812857875174334,
    0.010874913690808556,
    0.017393587059965805,
    0.017712931468014545,
    0.00965406157659816,
    -0.012020132716671385,
    0.05000000074505806,
    -0.05000000074505806,
    0.03514855270678986,
    0.05000000074505806,
    -0.05000000074505806,
    0.017274477679895678
  ],
  "joint_vel_offset": [
    0.019999999552965164,
    0.004903056452133403,
    -0.018460757158044367,
    -0.019999999552965164,
    -0.0006264683580865446,
    0.01700866578792925,
    -0.006996352098665266,
    0.019327852381954325,
    -0.017055480948269492,
    -0.006103611688709029,
    0.006764364556804365,
    0.019999999552965164
  ]
}