{
  "push": [
    37.621665954589844,
    -79.56764221191406,
    -47.18155288696289
  ],
  "friction": [
    1.2419179677963257,
    0.019792985171079636,
    0.005348928738385439
  ],
  "cmd": [
    -0.026513781398534775,
    0.07415717840194702,
    0.03113631159067154
  ],
  "terrain": {
    "mode": "flat",
    "baseline": 0.5
  },
  "phase": 0.1840356124793634,
  "push_start": 1.946197451520435,
  "robustness": -255.4168243408203,
  "keep_score": 1.3830203297952222,
  "joint_pos_offset": [
    0.0003641378391354283,
    0.018894509405335772,
    0.004847207469153404,
    0.032832091996962076,
    0.021620545348595446,
    0.010606352674419575,
    -0.02500000037252903,
    -0.004310327109501917,
    -0.02558192480199246,
    -0.02534264924657485,
    0.04942028176980225,
    -0.05000000074505806
  ],
  "joint_vel_offset": [
    -0.019999999552965164,
    -0.019999999552965164,
    0.019999999552965164,
    -0.016043084633677863,
    -0.002705709107091262,
    0.013672324355457087,
    0.019999999552965164,
    -0.0046282937080645015,
    0.01435684401296631,
    0.00629511015910646,
    0.019999999552965164,
    -0.012024928435931139
  ]
}