{
  "push": [
    13.202578570606637,
    31.472325879138296,
    57.37870358010523
  ],
  "friction": [
    1.358928749673181,
    0.013863218366995259,
    0.004492150213413595
  ],
  "cmd": [
    -0.6838792128208209,
    -0.06691308510717596,
    -0.49932390950114997
  ],
  "phase": 0.9,
  "push_start": 2.358600000000002,
  "robustness": -2.056072235107422,
  "keep_score": 0.09585266338536716,
  "joint_pos_offset": [
    -0.02500000037252903,
    -0.02500000037252903,
    0.02500000037252903,
    -0.04305996321771788,
    -0.02164268319220696,
    0.05000000074505806,
    0.02500000037252903,
    -0.009822615496558738,
    0.05000000074505806,
    0.05000000074505806,
    0.05000000074505806,
    0.01532259887435701
  ],
  "joint_vel_offset": [
    0.019999999552965164,
    0.019999999552965164,
    0.019999999552965164,
    0.019999999552965164,
    -0.019999999552965164,
    -0.019999999552965164,
    0.010637628141264045,
    0.00417667828188146,
    -0.019999999552965164,
    -0.019999999552965164,
    -0.019999999552965164,
    0.008191321495762256
  ]
}