{
  "push": [
    49.72167205810547,
    -35.3233757019043,
    12.625399589538574
  ],
  "friction": [
    1.5081942081451416,
    0.016726238653063774,
    0.0018453537486493587
  ],
  "cmd": [
    0.23766875267028809,
    0.1018759235739708,
    0.45844322443008423
  ],
  "phase": 0.15000000000000002,
  "push_start": 1.8657000000000017,
  "robustness": -221.5811004638672,
  "keep_score": 0.9573557139024766,
  "joint_pos_offset": [
    -0.0131080425654918,
    -0.003910992077417318,
    -0.0034430734448316876,
    -0.00039884192137928237,
    -0.021537120901610998,
    0.04674767048765668,
    -0.010807733053489178,
    0.02500000037252903,
    0.009580711690621871,
    0.03221150920787595,
    0.0018631318831739121,
    0.005517630409384208
  ],
  "joint_vel_offset": [
    -0.019999999552965164,
    -0.019999999552965164,
    -0.019225783484474443,
    0.012141466938982548,
    0.002882847114238087,
    0.015006297669345327,
    -0.01036217661518056,
    -0.005144869584621187,
    -0.0006224561074036289,
    -0.0174759621297872,
    -0.003858255765981637,
    0.018234778051067616
  ]
}