{
  "push": [
    68.181396484375,
    25.766010284423828,
    -44.1886100769043
  ],
  "friction": [
    0.26021623611450195,
    0.00424228748306632,
    0.0016178449150174856
  ],
  "cmd": [
    -0.020478900521993637,
    -0.1834682673215866,
    -0.48158949613571167
  ],
  "terrain": {
    "mode": "pit",
    "center": [
      1.6408926760030142,
      -0.3511492865330115
    ],
    "radius": 0.1903859800376754,
    "depth": 0.019691531162992278,
    "baseline": 0.5
  },
  "phase": 0.7000000000000001,
  "push_start": 2.132800000000002,
  "robustness": -155.80126953125,
  "keep_score": 0.5881108489424194,
  "joint_pos_offset": [
    -0.003374071918741517,
    -0.02500000037252903,
    0.04741278669853065,
    0.040771591268767414,
    -0.024637885161120605,
    0.006933029818157401,
    0.024140153479814415,
    0.02500000037252903,
    0.02500000037252903,
    0.05000000074505806,
    0.014526078245300503,
    -0.008251987791687867
  ],
  "joint_vel_offset": [
    -0.00491355456682302,
    0.019999999552965164,
    -0.014888906144680124,
    0.014047218235686077,
    0.019999999552965164,
    -0.019999999552965164,
    0.006194032786085716,
    -0.019999999552965164,
    -0.019999999552965164,
    -0.019999999552965164,
    0.016189414169835666,
    -0.019999999552965164
  ]
}