{
  "push": [
    25.719154357910156,
    -49.88762664794922,
    15.940973281860352
  ],
  "friction": [
    0.7730695605278015,
    0.010230972431600094,
    0.003652600571513176
  ],
  "cmd": [
    0.4857877492904663,
    0.07340706139802933,
    0.2480219602584839
  ],
  "terrain": {
    "mode": "flat",
    "baseline": 0.5
  },
  "phase": 0.30000000000000004,
  "push_start": 1.8459000000000014,
  "robustness": -205.60946655273438,
  "keep_score": 1.0028065641693984,
  "joint_pos_offset": [
    0.02500000037252903,
    -0.02500000037252903,
    0.0067787921504715645,
    -0.0124062907691872,
    -0.02500000037252903,
    0.041328148968539535,
    -0.006619236641265158,
    -0.02500000037252903,
    0.05000000074505806,
    -0.018141239653547952,
    -0.0008728897214285705,
    -0.008545865905281284
  ],
  "joint_vel_offset": [
    0.019999999552965164,
    -0.0041134598517382414,
    0.01766610120892326,
    0.019999999552965164,
    0.019999999552965164,
    -0.019999999552965164,
    0.019999999552965164,
    -0.019999999552965164,
    0.019999999552965164,
    0.019999999552965164,
    0.019999999552965164,
    -0.005242422656641309
  ]
}