{
  "push": [
    -26.533796310424805,
    -7.5686774253845215,
    59.04549026489258
  ],
  "friction": [
    0.3923184871673584,
    0.01699042320251465,
    0.0035765536595135927
  ],
  "cmd": [
    -0.558118462562561,
    0.18764959275722504,
    -0.41365909576416016
  ],
  "terrain": {
    "mode": "bump",
    "center": [
      0.7868375374731291,
      -0.14636432612953187
    ],
    "radius": 0.10462609475165453,
    "height": 0.03576299817663661,
    "baseline": 0.5
  },
  "phase": 0.0,
  "push_start": 1.6100000000000012,
  "robustness": -3.1351585388183594,
  "keep_score": 0.3277071250044075,
  "joint_pos_offset": [
    -0.05000000074505806,
    0.0016556420196702898,
    -0.04941340532499042,
    -0.05000000074505806,
    -0.05000000074505806,
    -0.024017480037187365,
    -0.02500000037252903,
    -0.02500000037252903,
    0.02500000037252903,
    -0.05000000074505806,
    0.0018846690478416255,
    0.04116044551657743
  ],
  "joint_vel_offset": [
    -0.019999999552965164,
    -0.019999999552965164,
    0.0008916995091096114,
    0.014343342984873164,
    0.014926068810568058,
    0.019999999552965164,
    -0.019999999552965164,
    -0.019999999552965164,
    -0.019999999552965164,
    0.019999999552965164,
    -0.011738902148362328,
    0.019999999552965164
  ]
}