{
  "push": [
    54.88611767457267,
    -29.198030826546443,
    19.418001614108018
  ],
  "friction": [
    1.4793323269176624,
    0.019999999552965164,
    0.000496494568877226
  ],
  "cmd": [
    0.17944435855910698,
    0.06832906648762538,
    0.23102595293546868
  ],
  "phase": 0.03099023890291086,
  "push_start": 1.7485752594500097,
  "robustness": -16.636322021484375,
  "keep_score": 0.21954768427007124,
  "joint_pos_offset": [
    0.02500000037252903,
    -0.02117315652594602,
    0.009514607026352812,
    0.03016670132683293,
    -0.0070443906460971595,
    0.003658037405916196,
    -0.02500000037252903,
    -0.04633213055522813,
    0.04932628989319774,
    -0.0032165962186194857,
    0.044736445975696204,
    0.02335080021999282
  ],
  "joint_vel_offset": [
    0.012135832734039488,
    -0.019999999552965164,
    0.019999999552965164,
    0.016136683502966837,
    -0.0062969495986116225,
    -0.010152174946637506,
    0.008517093686985944,
    0.009324437750217629,
    -0.004385373131682411,
    -0.019999999552965164,
    -0.010331969049052519,
    -0.009798019385852012
  ]
}