{
  "push": [
    52.455291748046875,
    39.757850646972656,
    -15.701275825500488
  ],
  "friction": [
    1.01072096824646,
    0.017202334478497505,
    0.00690020015463233
  ],
  "cmd": [
    0.677237868309021,
    0.22109726071357727,
    -0.016116933897137642
  ],
  "terrain": {
    "mode": "pit",
    "center": [
      1.7757114041266107,
      0.22024963455024982
    ],
    "radius": 0.16663728528718738,
    "depth": 0.014916142806400936,
    "baseline": 0.5
  },
  "phase": 0.75,
  "push_start": 2.2012500000000017,
  "robustness": -9.082149505615234,
  "keep_score": 0.1898382610730471,
  "joint_pos_offset": [
    -0.02500000037252903,
    0.02500000037252903,
    -0.05000000074505806,
    0.01012473348040882,
    -0.05000000074505806,
    0.0005218957307761667,
    -0.02500000037252903,
    -0.02500000037252903,
    0.02500000037252903,
    -0.02576881866430041,
    -0.05000000074505806,
    -0.039226078886709446
  ],
  "joint_vel_offset": [
    0.019999999552965164,
    -0.014542024778681318,
    0.011778268148507444,
    -0.019999999552965164,
    -0.019999999552965164,
    0.019999999552965164,
    -0.019999999552965164,
    -0.019999999552965164,
    -0.019999999552965164,
    0.019999999552965164,
    0.006978124719041319,
    -0.019999999552965164
  ]
}