{
  "push": [
    68.181396484375,
    25.766010284423828,
    -44.1886100769043
  ],
  "friction": [
    0.26021623611450195,
    0.00424228748306632,
    0.0016178449150174856
  ],
  "cmd": [
    -0.020478900521993637,
    -0.1834682673215866,
    -0.48158949613571167
  ],
  "terrain": {
    "mode": "pit",
    "center": [
      1.6408926760030142,
      -0.3511492865330115
    ],
    "radius": 0.1903859800376754,
    "depth": 0.019691531162992278,
    "baseline": 0.5
  },
  "phase": 0.7670656688210923,
  "push_start": 2.1725603322523255,
  "robustness": -92.72450256347656,
  "keep_score": 0.370037505026663,
  "joint_pos_offset": [
    0.02500000037252903,
    0.02500000037252903,
    -0.021801656112074852,
    0.05000000074505806,
    -0.05000000074505806,
    -0.05000000074505806,
    0.02500000037252903,
    0.0032069857697933912,
    0.02500000037252903,
    0.05000000074505806,
    0.02500000037252903,
    -0.05000000074505806
  ],
  "joint_vel_offset": [
    -0.019999999552965164,
    -0.0094850929453969,
    -0.005394547712057829,
    0.019999999552965164,
    0.019999999552965164,
    0.019999999552965164,
    0.019999999552965164,
    -0.019999999552965164,
    -0.019999999552965164,
    -0.019999999552965164,
    -0.019999999552965164,
    -0.019999999552965164
  ]
}