{
  "push": [
    71.30728912353516,
    39.294925689697266,
    7.785699367523193
  ],
  "friction": [
    0.4419422149658203,
    0.01866482011973858,
    0.005190720781683922
  ],
  "cmd": [
    -0.6846407651901245,
    0.20244431495666504,
    -0.13352400064468384
  ],
  "phase": 0.75,
  "push_start": 2.163000000000001,
  "robustness": -61.96428680419922,
  "keep_score": 0.5158088721696525,
  "joint_pos_offset": [
    -0.009333399878132035,
    0.05000000074505806,
    -0.05000000074505806,
    0.03706374700926897,
    0.03679526162464011,
    0.05000000074505806,
    -9.764145348581908e-06,
    0.02500000037252903,
    -0.0020694113069704752,
    -0.02753477896257906,
    -0.0019286037908184499,
    0.03470921554606082
  ],
  "joint_vel_offset": [
    0.013236380930735614,
    -0.012771131955298345,
    -0.0019754389709402244,
    -0.0016260974255053809,
    -0.0057973047613501865,
    0.011878149941523149,
    -0.008347432792137007,
    0.017278793406202867,
    0.01043056874478902,
    0.0009681062780087474,
    0.011422111817682271,
    -0.006404424418234969
  ]
}