{
  "push": [
    76.87488555908203,
    -37.273353576660156,
    55.36027908325195
  ],
  "friction": [
    0.597804844379425,
    0.003415248356759548,
    0.005402149632573128
  ],
  "cmd": [
    -0.2999388873577118,
    0.14694039523601532,
    -0.15152005851268768
  ],
  "phase": 0.0,
  "push_start": 1.2100000000000009,
  "robustness": -12.577960968017578,
  "keep_score": 0.49746183035370983,
  "joint_pos_offset": [
    -0.012963254720084905,
    0.02500000037252903,
    0.017312336826456876,
    -0.007246918575245287,
    0.005597865413660592,
    0.017887027750430134,
    0.02500000037252903,
    -0.02500000037252903,
    0.03546486102668218,
    0.040869784349102385,
    0.009672737962248417,
    -0.025623553973547004
  ],
  "joint_vel_offset": [
    -0.008416420531945955,
    -0.019999999552965164,
    -0.019215007401904904,
    -0.011046691515512574,
    0.019999999552965164,
    0.0017509112834796217,
    -0.019999999552965164,
    -0.007317570720311438,
    0.006946623966352787,
    -0.01649390808753029,
    -0.00359615897406472,
    -0.015337504970089408
  ]
}