{
  "push": [
    -53.819393157958984,
    -7.4880781173706055,
    4.563410758972168
  ],
  "friction": [
    0.21862949430942535,
    0.004909769166260958,
    0.0001625422592042014
  ],
  "cmd": [
    -0.137215256690979,
    0.09836439788341522,
    0.11199786514043808
  ],
  "terrain": {
    "mode": "bump",
    "center": [
      0.8536285834178379,
      -0.18514952208026247
    ],
    "radius": 0.13119791839497827,
    "height": 0.03760067773086744,
    "baseline": 0.5
  },
  "phase": 0.5,
  "push_start": 1.9745000000000015,
  "robustness": -9.849109649658203,
  "keep_score": 0.16588729771228747,
  "joint_pos_offset": [
    0.02500000037252903,
    0.0009046541668746143,
    0.021023287866313987,
    0.05000000074505806,
    0.0047326234123481765,
    -0.0016597425146181151,
    -0.02500000037252903,
    -0.024943346620370864,
    0.04560812314962375,
    -0.05000000074505806,
    -0.05000000074505806,
    0.024702613987105528
  ],
  "joint_vel_offset": [
    0.014163806185269379,
    -0.0008261822557488173,
    0.010647080710819032,
    0.015054588659799154,
    -0.0011157763097402254,
    -0.009422795103165179,
    0.0011119183347592892,
    -0.00787606077463787,
    0.005047022271944375,
    0.0025211805054525353,
    -0.019999999552965164,
    0.001678282703992299
  ]
}