{
  "push": [
    48.8764762878418,
    -3.460719347000122,
    -19.321470260620117
  ],
  "friction": [
    1.4007253646850586,
    0.012791556306183338,
    8.649267692817375e-05
  ],
  "cmd": [
    -0.015362701378762722,
    0.230377197265625,
    0.39956653118133545
  ],
  "phase": 0.9,
  "push_start": 2.4070000000000022,
  "robustness": -44.75315856933594,
  "keep_score": 0.6286226773491481,
  "joint_pos_offset": [
    -0.0020556404193218126,
    -0.0137805888435719,
    0.02500000037252903,
    0.021871129141147784,
    -0.02707371518368336,
    -0.05000000074505806,
    -0.02500000037252903,
    -0.02500000037252903,
    0.02500000037252903,
    -0.05000000074505806,
    -0.04467601438620859,
    0.03203256815350096
  ],
  "joint_vel_offset": [
    -0.019999999552965164,
    0.019999999552965164,
    -0.019999999552965164,
    -0.0034522441661735525,
    0.019999999552965164,
    0.00418780784983975,
    -0.019999999552965164,
    0.019999999552965164,
    -0.012394540278877535,
    -0.010985579804090592,
    -0.019999999552965164,
    -0.019999999552965164
  ]
}