{
  "push": [
    48.357052421638805,
    -24.771940313517053,
    -42.561806584797665
  ],
  "friction": [
    1.5023979052234413,
    0.0012647623059019826,
    0.0042186407257095125
  ],
  "cmd": [
    -0.6573817407939532,
    -0.20431124935702014,
    -0.3815558824895215
  ],
  "terrain": {
    "mode": "flat",
    "baseline": 0.5
  },
  "phase": 0.27044271631139705,
  "push_start": 1.8078571673541237,
  "robustness": -32.31742858886719,
  "keep_score": 0.32311005201879706,
  "joint_pos_offset": [
    0.02211364358663559,
    -0.02500000037252903,
    0.02500000037252903,
    -0.0032196869142353535,
    -0.004735687281936407,
    -0.025512350723147392,
    0.02500000037252903,
    0.02500000037252903,
    0.0005983067094348371,
    -0.05000000074505806,
    -0.048435818403959274,
    -0.02750323712825775
  ],
  "joint_vel_offset": [
    0.019999999552965164,
    -0.019999999552965164,
    -0.019999999552965164,
    -0.019999999552965164,
    0.019999999552965164,
    0.017915641888976097,
    -0.0007757270359434187,
    0.019999999552965164,
    -0.019999999552965164,
    0.019999999552965164,
    -0.012205309234559536,
    0.019999999552965164
  ]
}