{
  "push": [
    -55.90395736694336,
    -3.460719347000122,
    26.119335174560547
  ],
  "friction": [
    1.4007253646850586,
    0.012791556306183338,
    0.005929751321673393
  ],
  "cmd": [
    -0.015362701378762722,
    0.2542215883731842,
    0.39956653118133545
  ],
  "phase": 0.9,
  "push_start": 2.429200000000002,
  "robustness": -176.7021026611328,
  "keep_score": 0.999156342100165,
  "joint_pos_offset": [
    -0.00795042627056558,
    -0.05000000074505806,
    0.014637742937797514,
    -0.05000000074505806,
    0.0416773782897283,
    -0.05000000074505806,
    0.02500000037252903,
    -0.003417205644583034,
    -0.022347971767426922,
    0.03641823495761447,
    0.008078164167088609,
    0.006769632294691974
  ],
  "joint_vel_offset": [
    0.019999999552965164,
    -0.019999999552965164,
    0.0056633181172308185,
    0.019999999552965164,
    0.01772633056042909,
    0.018082636050607746,
    0.019999999552965164,
    0.019999999552965164,
    -0.019999999552965164,
    -0.019999999552965164,
    0.019999999552965164,
    0.019999999552965164
  ]
}