{
  "push": [
    -25.201000213623047,
    12.531591415405273,
    -72.86766815185547
  ],
  "friction": [
    1.840004563331604,
    0.014116494916379452,
    0.0076045384630560875
  ],
  "cmd": [
    0.20852315425872803,
    -0.15533389151096344,
    0.14492349326610565
  ],
  "terrain": {
    "mode": "flat",
    "baseline": 0.5
  },
  "phase": 0.9500000000000001,
  "push_start": 2.3998000000000017,
  "robustness": -182.55357360839844,
  "keep_score": 0.9403582225649689,
  "joint_pos_offset": [
    -0.02500000037252903,
    -0.02500000037252903,
    0.02866511861008002,
    0.04264017981900409,
    -0.006286529260395146,
    -0.05000000074505806,
    -0.02500000037252903,
    0.004962126956370803,
    -0.023484530744218753,
    0.037963889080250446,
    -0.007562518619648029,
    0.04190573098353985
  ],
  "joint_vel_offset": [
    -0.019999999552965164,
    -0.019999999552965164,
    0.019999999552965164,
    0.012039524226162912,
    -0.007376425654382444,
    0.019999999552965164,
    0.019999999552965164,
    -0.019999999552965164,
    0.019999999552965164,
    -0.019999999552965164,
    -0.0016140774097158279,
    -0.0049356672502258
  ]
}