{
  "push": [
    35.60065460205078,
    -8.118132591247559,
    66.02596282958984
  ],
  "friction": [
    1.0621838569641113,
    0.017401589080691338,
    0.003215330420061946
  ],
  "cmd": [
    0.6818286180496216,
    -0.19163654744625092,
    0.18640170991420746
  ],
  "phase": 0.5,
  "push_start": 1.9975000000000014,
  "robustness": -0.7233438491821289,
  "keep_score": 0.2651328819809029,
  "joint_pos_offset": [
    -0.0190040857084011,
    -0.02500000037252903,
    0.05000000074505806,
    0.038306312171199446,
    0.026864310296614468,
    0.018675877531720828,
    0.021120139518587315,
    -0.008872795969408735,
    -0.008399330620345273,
    0.04594957624134948,
    -0.02500000037252903,
    -0.014757805049587812
  ],
  "joint_vel_offset": [
    -0.002576003630098758,
    -0.0013494098198943922,
    -0.017649618396974757,
    0.019999999552965164,
    0.019999999552965164,
    0.00490589878665885,
    -0.0072614687564910765,
    -0.009065447904422593,
    -0.0011799232952169952,
    -0.001986446810708654,
    0.0019231677930954482,
    0.00714773638632666
  ]
}