{
  "push": [
    0.25497233867645264,
    -30.805095672607422,
    -63.945411682128906
  ],
  "friction": [
    0.21048462390899658,
    0.00442199781537056,
    0.006889813579618931
  ],
  "cmd": [
    0.8819514513015747,
    0.17507348954677582,
    -0.4888315498828888
  ],
  "phase": 0.8500000000000001,
  "push_start": 1.5489500000000014,
  "robustness": -9.651752471923828,
  "keep_score": 0.528672848373039,
  "joint_pos_offset": [
    0.01329316676055902,
    0.02500000037252903,
    -0.05000000074505806,
    -0.05000000074505806,
    -0.03308724374056028,
    0.046441960656617154,
    0.02500000037252903,
    -0.02500000037252903,
    0.02500000037252903,
    0.041921339256636166,
    -0.05000000074505806,
    0.036457704261957755
  ],
  "joint_vel_offset": [
    0.019999999552965164,
    0.008123020162272246,
    0.01172596547885392,
    -0.019999999552965164,
    0.019999999552965164,
    -0.019999999552965164,
    -0.019999999552965164,
    -0.019999999552965164,
    -0.019999999552965164,
    0.019999999552965164,
    0.019999999552965164,
    -0.019999999552965164
  ]
}