{
  "push": [
    -55.90395736694336,
    -3.460719347000122,
    50.130859375
  ],
  "friction": [
    1.4007253646850586,
    0.0012128993403166533,
    0.005929751321673393
  ],
  "cmd": [
    -0.015362701378762722,
    -0.284800261259079,
    0.39956653118133545
  ],
  "phase": 0.7951777134910644,
  "push_start": 2.2527447068262285,
  "robustness": -14.84725570678711,
  "keep_score": 0.481384507908287,
  "joint_pos_offset": [
    -0.010439260434751872,
    0.0412618928807423,
    -0.004515446990224041,
    0.002036787097807545,
    -0.02822422311508718,
    0.026342500116852203,
    0.009352132688402615,
    0.0026065792084640858,
    -0.012430061597596739,
    0.029087932065385756,
    -0.020736910966221937,
    -0.018226728645541153
  ],
  "joint_vel_offset": [
    0.0005689680416720898,
    -0.007805294159443452,
    -0.009264613537614118,
    -0.00545058583712453,
    0.013951995831814473,
    -0.006430476621587005,
    -9.952668158508563e-05,
    0.019999999552965164,
    -0.007004235437680767,
    0.0010233929340397359,
    -0.019999999552965164,
    -0.0018131119038886107
  ]
}