{
  "push": [
    51.83722686767578,
    19.632848739624023,
    70.6972885131836
  ],
  "friction": [
    0.5554822087287903,
    0.015496362932026386,
    0.002222298877313733
  ],
  "cmd": [
    -0.4232703447341919,
    -0.2208937257528305,
    -0.37049493193626404
  ],
  "terrain": {
    "mode": "bump",
    "center": [
      1.232462808712771,
      -0.2111453337494541
    ],
    "radius": 0.11891523043398015,
    "height": 0.02344848178506601,
    "baseline": 0.5
  },
  "phase": 0.8500000000000001,
  "push_start": 2.2350000000000017,
  "robustness": -37.440818786621094,
  "keep_score": 0.423082595734829,
  "joint_pos_offset": [
    0.015670329773064814,
    0.015518132789058024,
    -0.05000000074505806,
    -0.05000000074505806,
    0.022583069204042513,
    0.05000000074505806,
    -0.023690549989441104,
    0.02500000037252903,
    -0.02500000037252903,
    -0.05000000074505806,
    -0.00940203652353929,
    -0.029130716080571654
  ],
  "joint_vel_offset": [
    0.019999999552965164,
    -0.0005637218409003975,
    -0.01834038339478903,
    0.019999999552965164,
    0.002427822526443184,
    -0.011724965071083416,
    -0.01773092197033099,
    0.019999999552965164,
    -0.005025198370101271,
    0.019999999552965164,
    -0.0007953063001778775,
    0.019999999552965164
  ]
}