{
  "push": [
    29.18433380126953,
    61.477256774902344,
    0.6423795819282532
  ],
  "friction": [
    1.077289342880249,
    0.0073373159393668175,
    0.008137242868542671
  ],
  "cmd": [
    -0.7901666760444641,
    -0.17139463126659393,
    0.003572677494958043
  ],
  "phase": 0.2,
  "push_start": 1.382000000000001,
  "robustness": -161.88421630859375,
  "keep_score": 0.6268950558531469,
  "joint_pos_offset": [
    -0.023304354783876283,
    -0.02500000037252903,
    -0.021648979197537076,
    -0.010008291710206878,
    0.0201167344465226,
    -0.014289839763753637,
    -0.02500000037252903,
    -0.014398472341068443,
    0.006568171276925123,
    -0.05000000074505806,
    0.005911732141413035,
    -0.029720396421403485
  ],
  "joint_vel_offset": [
    -0.017961736564643317,
    -0.0003597888258275884,
    0.0017972907206181485,
    0.0002984258585161381,
    -0.005323726508958711,
    0.007589040460495555,
    -0.01098043012020462,
    0.019999999552965164,
    -0.019999999552965164,
    0.019999999552965164,
    0.019999999552965164,
    0.019999999552965164
  ]
}