{
  "push": [
    -25.201000213623047,
    9.351082801818848,
    -72.86766815185547
  ],
  "friction": [
    1.840004563331604,
    0.008691485971212387,
    0.001242983154952526
  ],
  "cmd": [
    0.20852315425872803,
    -0.15533389151096344,
    0.14492349326610565
  ],
  "terrain": {
    "mode": "flat",
    "baseline": 0.5
  },
  "phase": 0.3236170640606537,
  "push_start": 1.9305379051985838,
  "robustness": -188.87014770507812,
  "keep_score": 1.048784608102942,
  "joint_pos_offset": [
    -0.02500000037252903,
    0.02500000037252903,
    -0.02500000037252903,
    -0.04874824452563575,
    -0.02500000037252903,
    -0.05000000074505806,
    -0.0025738733630277302,
    0.02500000037252903,
    0.027390445252282992,
    -0.048623642787194,
    -0.05000000074505806,
    0.005372514514784606
  ],
  "joint_vel_offset": [
    -0.019999999552965164,
    -0.019999999552965164,
    0.019999999552965164,
    -0.019999999552965164,
    0.019999999552965164,
    0.0040030543171583055,
    -0.00013092776019920163,
    -0.004133563166479858,
    0.019999999552965164,
    -5.231042822727641e-06,
    0.007288618012568707,
    -0.01225189479641561
  ]
}