{
  "push": [
    -53.12821960449219,
    -58.534950256347656,
    77.2192611694336
  ],
  "friction": [
    0.6259324550628662,
    0.004340487532317638,
    0.007939294911921024
  ],
  "cmd": [
    -0.2839452922344208,
    0.2705497741699219,
    0.2859227955341339
  ],
  "terrain": {
    "mode": "pit",
    "center": [
      1.5650671100502738,
      0.23116865197413083
    ],
    "radius": 0.14018152673017092,
    "depth": 0.02191817006311366,
    "baseline": 0.5
  },
  "phase": 0.25,
  "push_start": 1.8092500000000014,
  "robustness": -247.49864196777344,
  "keep_score": 1.1153810061088163,
  "joint_pos_offset": [
    0.01453477791338895,
    -0.02023902495460643,
    -0.006888846756691276,
    0.03359796906537553,
    0.0017599097792542553,
    -0.006566358840784443,
    0.018513615687451197,
    -0.032503293581860083,
    -0.04111710766557756,
    0.007694889620440289,
    0.0283684681446238,
    -0.004642549384008484
  ],
  "joint_vel_offset": [
    -0.01558846340529413,
    0.0033315162377818373,
    -0.0063087556433198445,
    0.0077699410952345735,
    0.0010217168407203481,
    -0.011027416428901933,
    -0.019999999552965164,
    0.010424645570212636,
    0.012474879878918595,
    0.0024938147800984793,
    0.011879511989929854,
    0.009683781082263542
  ]
}