{
  "push": [
    39.4255485534668,
    -19.26353645324707,
    -40.46002197265625
  ],
  "friction": [
    0.5378056764602661,
    0.016653254628181458,
    0.0009192847646772861
  ],
  "cmd": [
    0.32511016726493835,
    0.26382961869239807,
    0.4915553033351898
  ],
  "terrain": {
    "mode": "bump",
    "center": [
      1.666076174452399,
      0.018453762816660113
    ],
    "radius": 0.11987744404912945,
    "height": 0.04757968374683741,
    "baseline": 0.5
  },
  "phase": 0.25,
  "push_start": 1.8027500000000014,
  "robustness": -14.69894790649414,
  "keep_score": 0.5038297275694719,
  "joint_pos_offset": [
    -0.012820293195545673,
    -0.016667312011122704,
    -0.02500000037252903,
    0.05000000074505806,
    -0.010578512214124203,
    -0.010669934563338757,
    0.02500000037252903,
    -0.02500000037252903,
    -0.03610363230109215,
    0.05000000074505806,
    0.05000000074505806,
    -0.05000000074505806
  ],
  "joint_vel_offset": [
    0.019999999552965164,
    0.019999999552965164,
    -0.006890470627695322,
    0.019999999552965164,
    0.019999999552965164,
    0.019999999552965164,
    -0.019999999552965164,
    0.019999999552965164,
    0.019999999552965164,
    0.019999999552965164,
    -0.019999999552965164,
    0.019999999552965164
  ]
}