{
  "push": [
    71.95828360650559,
    62.72853935027963,
    -50.04023734382288
  ],
  "friction": [
    0.813258456539756,
    0.009511521761234971,
    0.005942033539375213
  ],
  "cmd": [
    1.0,
    0.21307219641124106,
    0.16155268713033571
  ],
  "phase": 0.7000000000000001,
  "push_start": 2.1259000000000015,
  "robustness": -65.69244384765625,
  "keep_score": 0.38309175633213755,
  "joint_pos_offset": [
    -0.009311467887971516,
    0.0016441997644162714,
    -0.007895256917603299,
    -0.010906823772950592,
    -0.005454254243307907,
    0.0007444476376874259,
    -0.02500000037252903,
    -0.02500000037252903,
    -0.024573308388986345,
    -0.05000000074505806,
    0.012394742960125299,
    -0.04728846314384541
  ],
  "joint_vel_offset": [
    -0.007088490257600961,
    0.019999999552965164,
    0.019999999552965164,
    0.019999999552965164,
    0.01325259468080063,
    -0.01564898378395857,
    -0.014020168888084343,
    -0.012871796708614077,
    0.01969675319180828,
    0.019999999552965164,
    -0.019999999552965164,
    0.019999999552965164
  ]
}