{
  "push": [
    12.812942504882812,
    36.8336181640625,
    48.49728775024414
  ],
  "friction": [
    1.2399063110351562,
    0.015351707115769386,
    0.0046266973949968815
  ],
  "cmd": [
    -0.6946293711662292,
    -0.041213445365428925,
    -0.4626691937446594
  ],
  "phase": 0.8,
  "push_start": 2.442800000000002,
  "robustness": -245.78404235839844,
  "keep_score": 0.9732814750373122,
  "joint_pos_offset": [
    -0.02441334790435671,
    -0.005504791460522664,
    -0.02500000037252903,
    -0.0446429837845579,
    0.012156681059748561,
    0.025467212515954525,
    -0.016298187568874162,
    -0.020108321073501703,
    0.05000000074505806,
    -0.015409528796233855,
    0.009080948399717539,
    -0.005397498982956019
  ],
  "joint_vel_offset": [
    -0.019999999552965164,
    -0.019999999552965164,
    0.0060764497387015455,
    -0.006713309683456299,
    0.003841380593117228,
    0.007234689291565854,
    -0.013813814578918776,
    0.0034366844729743855,
    -0.0037250559317839223,
    0.0021679532984915737,
    0.007436622901224268,
    -0.004235542309139579
  ]
}