{
  "push": [
    71.30728912353516,
    39.294925689697266,
    26.119335174560547
  ],
  "friction": [
    0.4419422149658203,
    0.012791556306183338,
    0.005190720781683922
  ],
  "cmd": [
    -0.015362701378762722,
    0.2542215883731842,
    0.39956653118133545
  ],
  "phase": 0.45,
  "push_start": 2.0675000000000017,
  "robustness": -76.52074432373047,
  "keep_score": 0.5592934496417723,
  "joint_pos_offset": [
    0.016463369738833816,
    -0.014447844964582835,
    0.02935493651561607,
    -0.010202064874826344,
    -0.001966213464551129,
    0.02003884419917368,
    0.02500000037252903,
    -0.019467144605016484,
    0.017991971768380917,
    0.03256614208964295,
    -0.010639992068569604,
    0.013833744796617198
  ],
  "joint_vel_offset": [
    0.003857492116285905,
    0.0011688624403543187,
    0.007490409235639319,
    -0.00523298356833893,
    -0.005857804064186733,
    -0.012696034775976044,
    0.019999999552965164,
    -0.0016599109815803302,
    0.019999999552965164,
    -0.008032221810476352,
    0.007185320278963566,
    0.016396142096976353
  ]
}