{
  "push": [
    68.181396484375,
    25.766010284423828,
    -6.601527214050293
  ],
  "friction": [
    1.2587398290634155,
    0.0010483788792043924,
    0.0016178449150174856
  ],
  "cmd": [
    -0.6925030946731567,
    0.04879668354988098,
    -0.48158949613571167
  ],
  "terrain": {
    "mode": "bump",
    "center": [
      1.232462808712771,
      -0.2111453337494541
    ],
    "radius": 0.11891523043398015,
    "height": 0.02344848178506601,
    "baseline": 0.5
  },
  "phase": 0.6000000000000001,
  "push_start": 2.0028000000000015,
  "robustness": -265.9571533203125,
  "keep_score": 1.2816679994901878,
  "joint_pos_offset": [
    -0.015131233327055855,
    0.02500000037252903,
    -0.001473877657217815,
    -0.04640728852195486,
    0.014023675349617154,
    0.028343480681078455,
    0.014541945205402439,
    -0.016723034513606544,
    0.04432187658484634,
    -0.005549727297852029,
    -0.0001630130641245963,
    0.05000000074505806
  ],
  "joint_vel_offset": [
    -0.0028086393804585465,
    0.000996286005189636,
    0.019999999552965164,
    -0.0008425156774806487,
    0.00040187575450524593,
    -0.016028591505745975,
    -0.014477781288231961,
    0.01733661305554095,
    0.018665150660615772,
    -0.018423296876398463,
    -0.015829839555705248,
    -0.0021713190577971045
  ]
}