{
  "push": [
    32.661888122558594,
    19.317487716674805,
    18.83867645263672
  ],
  "friction": [
    0.98829185962677,
    0.015410089865326881,
    0.004964334424585104
  ],
  "cmd": [
    0.5510950088500977,
    -0.06899063289165497,
    0.12395960837602615
  ],
  "phase": 0.45,
  "push_start": 1.9407000000000012,
  "robustness": -5.331201577973843e-07,
  "keep_score": 0.26252882194664595,
  "joint_pos_offset": [
    -0.017865883971889086,
    0.0015561500132629477,
    0.02500000037252903,
    -0.012490511704989021,
    -0.02500000037252903,
    0.019513384532841765,
    -0.001450927378135949,
    0.00628407595816079,
    -0.02098416571154055,
    -0.05000000074505806,
    0.013493209325774214,
    0.02435811645642718
  ],
  "joint_vel_offset": [
    -0.0014054876628829625,
    -0.019999999552965164,
    0.01960669662828981,
    -0.019999999552965164,
    0.013060200967557414,
    0.019999999552965164,
    -0.019999999552965164,
    0.008597918950631396,
    -0.019999999552965164,
    0.003350783664418863,
    0.019999999552965164,
    0.01798593887554245
  ]
}