{
  "push": [
    37.621665954589844,
    -79.56764221191406,
    2.9045159816741943
  ],
  "friction": [
    1.2419179677963257,
    0.009137782268226147,
    0.005348928738385439
  ],
  "cmd": [
    0.7091886401176453,
    0.07415717840194702,
    0.2695329487323761
  ],
  "terrain": {
    "mode": "flat",
    "baseline": 0.5
  },
  "phase": 0.4,
  "push_start": 1.9196000000000015,
  "robustness": -244.09352111816406,
  "keep_score": 1.1358562886552366,
  "joint_pos_offset": [
    0.004092653706412441,
    0.01610701623355695,
    0.01646093318534487,
    -0.007437417115326729,
    -0.05000000074505806,
    0.046531377958171194,
    0.007082303329675901,
    -0.01195528876349927,
    -0.02500000037252903,
    0.013292173706312761,
    -0.006077482970940858,
    0.04651425509749324
  ],
  "joint_vel_offset": [
    0.019999999552965164,
    -0.007508135743086454,
    -0.019999999552965164,
    -0.0015241609090943277,
    0.004770872554065955,
    -0.019999999552965164,
    0.019999999552965164,
    -0.019999999552965164,
    0.019999999552965164,
    0.012469476122078028,
    0.019999999552965164,
    0.019999999552965164
  ]
}