{
  "push": [
    -33.64666179211601,
    61.69782018460798,
    40.96363724140058
  ],
  "friction": [
    1.0262120000584234,
    0.016440950844912268,
    0.002797953213202674
  ],
  "cmd": [
    -0.719135897084666,
    0.1381343261515087,
    0.09257519584099849
  ],
  "phase": 0.55,
  "push_start": 2.0328500000000016,
  "robustness": -150.0196990966797,
  "keep_score": 0.7066230585087057,
  "joint_pos_offset": [
    0.03360161903351738,
    0.02500000037252903,
    -0.04917462492741532,
    -0.048179788524643816,
    0.0093747366343207,
    -0.03916510289454132,
    -0.02032540538457745,
    -0.02500000037252903,
    -0.01691490880153248,
    -0.010925653508067002,
    -0.010179458279891062,
    -0.028381907744891417
  ],
  "joint_vel_offset": [
    -0.016962848097742234,
    0.00017567811070120067,
    -0.019999999552965164,
    -0.009484019854858246,
    0.014280655282560045,
    0.0026450861170180745,
    -0.004405620300517731,
    -0.009811904299130318,
    0.019999999552965164,
    0.007976305248146928,
    -0.0057080948819054275,
    0.013401180382314826
  ]
}