{
  "push": [
    49.72167205810547,
    -35.3233757019043,
    -38.594112396240234
  ],
  "friction": [
    0.4841397702693939,
    0.01580059342086315,
    0.0034882170148193836
  ],
  "cmd": [
    0.23766875267028809,
    0.1507808268070221,
    0.008105712942779064
  ],
  "phase": 0.15000000000000002,
  "push_start": 1.7846000000000013,
  "robustness": -0.7086782455444336,
  "keep_score": 0.11630824552037937,
  "joint_pos_offset": [
    0.012206566776289802,
    -0.02490787618751388,
    0.04777325262343817,
    -0.013413690244254031,
    -0.05000000074505806,
    -0.05000000074505806,
    -0.02500000037252903,
    -0.02500000037252903,
    0.009143655530103744,
    0.008237024108442147,
    -0.033839817478883344,
    -0.03406945344676146
  ],
  "joint_vel_offset": [
    0.011494473793745203,
    0.0028885386745112,
    -0.005223283973122118,
    0.008732383899832469,
    -0.000759683368201567,
    -0.019791186737954346,
    0.0031740773321300812,
    0.011714672238058102,
    0.005808888007223574,
    0.0013227920829961617,
    0.015503031478184158,
    -0.009282786795802887
  ]
}