{
  "push": [
    -73.54429626464844,
    43.98338317871094,
    -23.135902404785156
  ],
  "friction": [
    0.9712808132171631,
    0.007252577692270279,
    0.005027314648032188
  ],
  "cmd": [
    0.7486407160758972,
    -0.12141237407922745,
    0.18634483218193054
  ],
  "terrain": {
    "mode": "bump",
    "center": [
      1.8176305091549336,
      0.48640830431644433
    ],
    "radius": 0.1666297121674397,
    "height": 0.02701173095002212,
    "baseline": 0.5
  },
  "phase": 0.1,
  "push_start": 1.4500000000000013,
  "robustness": -124.57481384277344,
  "keep_score": 0.8096233520493115,
  "joint_pos_offset": [
    0.02500000037252903,
    -0.02031116537338505,
    -0.02832076710182437,
    -0.04418560103174311,
    -0.03891699786720175,
    -0.05000000074505806,
    -0.009104945190566045,
    0.008486046423367697,
    0.017183932763656894,
    0.0164347612316881,
    -0.02500000037252903,
    0.016098918462516803
  ],
  "joint_vel_offset": [
    -0.0033283250098547308,
    -0.014456179782044033,
    -0.008382345205608014,
    0.0032574619244435596,
    -0.019999999552965164,
    -0.008590741802578045,
    0.0043789900661141135,
    -0.0030846439787720428,
    -0.002690377121425001,
    0.016999842007011535,
    0.00339186367244506,
    0.019999999552965164
  ]
}