{
  "push": [
    2.2239551544189453,
    -48.65024948120117,
    -11.53071403503418
  ],
  "friction": [
    1.6562845706939697,
    0.01698019728064537,
    0.009036311879754066
  ],
  "cmd": [
    -0.9966492652893066,
    -0.22300179302692413,
    0.33002233505249023
  ],
  "phase": 0.35000000000000003,
  "push_start": 1.8891000000000013,
  "robustness": -254.7069854736328,
  "keep_score": 1.2681927426239055,
  "joint_pos_offset": [
    0.02500000037252903,
    0.008168859464494284,
    0.005486567508799719,
    0.048400098999920614,
    0.008527205245358441,
    0.0036954589725798495,
    -0.006208582036635088,
    0.002062333017597391,
    0.007643751403344513,
    -0.026656284924952752,
    0.023963199636263297,
    -0.011110240387140301
  ],
  "joint_vel_offset": [
    0.0045790484051944766,
    0.019999999552965164,
    -0.003407152181622127,
    -0.019999999552965164,
    -0.019999999552965164,
    0.0041980726646536565,
    -0.019999999552965164,
    0.015175693466982557,
    -0.013714802198141427,
    -1.9390368181935666e-05,
    0.019999999552965164,
    -0.0008991848787583182
  ]
}