{
  "push": [
    6.005410671234131,
    63.523921966552734,
    -53.24518966674805
  ],
  "friction": [
    1.3466145992279053,
    0.017009355127811432,
    0.0008717801538296044
  ],
  "cmd": [
    0.3820701539516449,
    0.02426360547542572,
    -0.3872511088848114
  ],
  "terrain": {
    "mode": "flat",
    "baseline": 0.5
  },
  "phase": 0.4388807260023976,
  "push_start": 2.088471296445905,
  "robustness": -26.067787170410156,
  "keep_score": 0.5846468618792522,
  "joint_pos_offset": [
    0.02500000037252903,
    0.02500000037252903,
    -0.04459647296951551,
    0.020542024770962605,
    -0.034565378776385186,
    -0.05000000074505806,
    0.020866171820633467,
    -0.017251426295840956,
    0.020525029981758564,
    -0.034853222138223755,
    0.02500000037252903,
    -0.013925720127127523
  ],
  "joint_vel_offset": [
    -0.019999999552965164,
    -0.013422814988134076,
    0.0021235683542915607,
    0.014325111271217798,
    -0.0047304909238181855,
    -0.019999999552965164,
    -0.007834468232447874,
    0.00573410575004812,
    0.005139235059107663,
    0.019999999552965164,
    -0.013722490650598362,
    0.018122209141268827
  ]
}