{
  "push": [
    10.9367094039917,
    47.88078689575195,
    58.95724868774414
  ],
  "friction": [
    0.8085305094718933,
    0.0019179366063326597,
    0.00035862394724972546
  ],
  "cmd": [
    0.27711689472198486,
    0.17352968454360962,
    -0.26168474555015564
  ],
  "phase": 0.55,
  "push_start": 2.1888000000000014,
  "robustness": -21.01080322265625,
  "keep_score": 0.5350371616444773,
  "joint_pos_offset": [
    -0.0016278489589591407,
    0.02187511518543373,
    -0.016628907290472294,
    -0.009728147282916358,
    -0.022018735238717668,
    0.04347929829390796,
    -0.02500000037252903,
    0.005151832037048647,
    -0.02500000037252903,
    -0.04493300708613652,
    0.015996394679255014,
    0.013054789785955432
  ],
  "joint_vel_offset": [
    0.015351900542307687,
    0.01953518352103558,
    0.019999999552965164,
    0.010424428184845425,
    0.016551858150392194,
    0.014941653597956246,
    -0.013489590607027376,
    0.0032074801706200515,
    -0.018810473678393592,
    -0.0022256082532945594,
    -0.003769453246210615,
    0.010568462291675778
  ]
}