{
  "push": [
    24.342098236083984,
    75.38477325439453,
    -40.76952362060547
  ],
  "friction": [
    0.27480801939964294,
    0.005483201239258051,
    0.005247889086604118
  ],
  "cmd": [
    0.5236093997955322,
    0.29905351996421814,
    0.10872861742973328
  ],
  "phase": 0.35000000000000003,
  "push_start": 1.8966500000000015,
  "robustness": -100.29782104492188,
  "keep_score": 0.3610754964613382,
  "joint_pos_offset": [
    -0.013582498868840477,
    0.02500000037252903,
    -0.018889128935412378,
    0.04824537558928857,
    0.02500000037252903,
    -0.016968071174298646,
    0.02500000037252903,
    -0.01563775843312571,
    0.00826910193031771,
    -0.028585498868789964,
    -0.006672009650453243,
    0.002372553793498041
  ],
  "joint_vel_offset": [
    0.019999999552965164,
    -0.0023398670924765176,
    0.012329763029397372,
    -0.019999999552965164,
    -0.013532452463590649,
    -0.015236987831411844,
    -0.007268114382184221,
    0.00232936634786823,
    0.019999999552965164,
    0.019999999552965164,
    0.015993030134710894,
    0.013942257909541251
  ]
}