{
  "push": [
    77.33029174804688,
    -19.474821090698242,
    -38.594112396240234
  ],
  "friction": [
    0.4841397702693939,
    0.01580059342086315,
    0.0034882170148193836
  ],
  "cmd": [
    0.7219910025596619,
    0.1507808268070221,
    0.008105712942779064
  ],
  "phase": 0.75,
  "push_start": 2.172500000000001,
  "robustness": -6.535972595214844,
  "keep_score": 0.3705017342543195,
  "joint_pos_offset": [
    -0.01764052496391451,
    -0.02500000037252903,
    0.03911190174431353,
    0.03183789452771446,
    0.04448733977770339,
    -0.025839073024682666,
    -0.02500000037252903,
    0.02500000037252903,
    0.012936051433663396,
    -0.019325787762608234,
    -0.02500000037252903,
    0.01680311685971745
  ],
  "joint_vel_offset": [
    0.015962399802705984,
    0.015773401963177756,
    -0.019999999552965164,
    0.0010583394062046066,
    -0.019999999552965164,
    0.019999999552965164,
    -0.017341003358475444,
    0.019999999552965164,
    0.0019502794184794881,
    -0.019999999552965164,
    -0.0074730529386892305,
    -0.019999999552965164
  ]
}