{
  "push": [
    52.300479888916016,
    18.953929901123047,
    -47.16897964477539
  ],
  "friction": [
    1.0284450054168701,
    0.01888286881148815,
    0.0009582748753018677
  ],
  "cmd": [
    -0.6620842814445496,
    0.014301705174148083,
    -0.09075185656547546
  ],
  "phase": 0.2,
  "push_start": 1.8944000000000014,
  "robustness": -1.185990333557129,
  "keep_score": 0.3710406775470016,
  "joint_pos_offset": [
    -0.02500000037252903,
    0.02500000037252903,
    -0.02500000037252903,
    -0.05000000074505806,
    -0.0058017093645619565,
    -0.04848157790323852,
    0.02500000037252903,
    -0.05000000074505806,
    0.05000000074505806,
    -0.02382096908360539,
    0.019897147972592944,
    0.018331686726838888
  ],
  "joint_vel_offset": [
    -0.006181984664798489,
    -0.019999999552965164,
    -0.019999999552965164,
    0.012659377361968238,
    -0.019999999552965164,
    -0.0067049767896787335,
    0.019999999552965164,
    -0.003694484984461191,
    0.005261806297684267,
    0.014034279496601848,
    0.014817545689166432,
    -0.013174961639178273
  ]
}