{
  "push": [
    -11.379606246948242,
    43.32405471801758,
    -69.61695098876953
  ],
  "friction": [
    0.6152114868164062,
    0.005037568975239992,
    0.005378703586757183
  ],
  "cmd": [
    -0.08038938790559769,
    -0.17595164477825165,
    -0.36235663294792175
  ],
  "terrain": {
    "mode": "bump",
    "center": [
      1.6947537893438271,
      0.12255646628884698
    ],
    "radius": 0.14996945018297828,
    "height": 0.040251168374347494,
    "baseline": 0.5
  },
  "phase": 0.55,
  "push_start": 2.0097000000000014,
  "robustness": -21.65277099609375,
  "keep_score": 0.4352848516398518,
  "joint_pos_offset": [
    0.024326345568991704,
    0.01800554895954015,
    -0.01166765131348726,
    0.03924505702321193,
    -0.01673583569168154,
    -0.007293751247612005,
    -0.02500000037252903,
    -0.02500000037252903,
    0.04585197813523519,
    -0.05000000074505806,
    0.008742453885669091,
    -0.026422947454353238
  ],
  "joint_vel_offset": [
    0.019999999552965164,
    0.010224975151717669,
    0.005564909129771616,
    -0.000501254010834019,
    0.0032960451604150736,
    -0.0010856800929674385,
    0.015404536494909978,
    0.009536110711992148,
    0.012041671025916505,
    0.0005287251647696466,
    -0.005844486054769275,
    -0.019999999552965164
  ]
}