{
  "push": [
    -77.76832878011315,
    21.39045094085162,
    46.71483527092517
  ],
  "friction": [
    0.5411909700372765,
    0.005831601695996185,
    0.005733812067094007
  ],
  "cmd": [
    -0.3257742154126534,
    -0.26253144306697324,
    -0.48030773008631866
  ],
  "terrain": {
    "mode": "flat",
    "baseline": 0.5
  },
  "phase": 1.0,
  "push_start": 2.3440000000000016,
  "robustness": -289.252685546875,
  "keep_score": 1.1456681434272833,
  "joint_pos_offset": [
    0.0018780127728560327,
    0.01382382497045548,
    -0.02500000037252903,
    0.028791175667222176,
    0.02500000037252903,
    0.05000000074505806,
    -0.019353610116090995,
    -0.0325636990614852,
    0.0009354856307484706,
    -0.008366910267957165,
    -0.0028918002849152094,
    0.029613455643555567
  ],
  "joint_vel_offset": [
    -0.0032846482150478955,
    0.00043497132206469797,
    0.01931103398490679,
    -0.0001204914610887075,
    0.019999999552965164,
    -0.019999999552965164,
    0.00034519662843698375,
    -0.019999999552965164,
    -0.019999999552965164,
    -0.0003466091034805274,
    0.0011498415370564067,
    0.019999999552965164
  ]
}