{
  "push": [
    -58.75262508974679,
    7.44864066435856,
    79.39053577704155
  ],
  "friction": [
    0.28539574797972644,
    0.01578870731884141,
    0.008637196703227507
  ],
  "cmd": [
    -0.807379423987544,
    0.17751989760418946,
    -0.32495918248631045
  ],
  "terrain": {
    "mode": "pit",
    "center": [
      1.1958382816530975,
      0.07271670526735838
    ],
    "radius": 0.16707222951268763,
    "depth": 0.011348785325340647,
    "baseline": 0.5
  },
  "phase": 0.1840356124793634,
  "push_start": 1.7603703888472095,
  "robustness": -274.51861572265625,
  "keep_score": 1.1819553231237554,
  "joint_pos_offset": [
    0.02500000037252903,
    0.0022610015811083666,
    0.011158408658664631,
    0.028161979797395882,
    0.012736885428055976,
    -0.005577748066538343,
    0.01599990921330971,
    -0.03249603424156284,
    0.05000000074505806,
    0.025212409296962092,
    0.03434166772413945,
    -0.02693455848869058
  ],
  "joint_vel_offset": [
    0.01782852268541249,
    0.0020486592318412758,
    -0.0006270265271395674,
    0.009809608506187461,
    0.009269175723510641,
    -0.010329510949373927,
    -0.013246540024230626,
    -4.730527142682642e-05,
    0.00011556066329212675,
    0.0036484898634542677,
    -0.007158815221884246,
    0.0075857438147559336
  ]
}