{
  "push": [
    60.63280487060547,
    71.61763763427734,
    -6.601527214050293
  ],
  "friction": [
    1.2587398290634155,
    0.0010483788792043924,
    0.0070212045684456825
  ],
  "cmd": [
    -0.6925030946731567,
    0.04879668354988098,
    0.18395981192588806
  ],
  "terrain": {
    "mode": "flat",
    "baseline": 0.5
  },
  "phase": 0.6000000000000001,
  "push_start": 2.0780000000000016,
  "robustness": -33.483245849609375,
  "keep_score": 0.568752428743889,
  "joint_pos_offset": [
    -0.021639431933688138,
    0.012446054006348205,
    0.011577342937770161,
    -0.021125678965500126,
    0.022106614804525054,
    -0.039452257723983294,
    0.010893151269211159,
    -0.005348496551584507,
    -0.007830257014786174,
    0.025669410744375447,
    -0.02500000037252903,
    0.012452419947787436
  ],
  "joint_vel_offset": [
    -0.010162487730484442,
    0.007902249193392141,
    0.019270645212055366,
    0.019999999552965164,
    -0.010584982022477632,
    -0.018311135021688626,
    -0.006675715837577621,
    -0.012683078432952513,
    -0.017094791657766926,
    -0.01648648162051561,
    -0.003324851281379361,
    0.0038945186469432225
  ]
}