{
  "push": [
    29.18433380126953,
    61.477256774902344,
    0.6423795819282532
  ],
  "friction": [
    1.077289342880249,
    0.0073373159393668175,
    0.008137242868542671
  ],
  "cmd": [
    -0.7901666760444641,
    -0.17139463126659393,
    0.003572677494958043
  ],
  "phase": 0.295297412385169,
  "push_start": 1.942828524732907,
  "robustness": -4.113796234130859,
  "keep_score": 0.05891628784495525,
  "joint_pos_offset": [
    -0.02500000037252903,
    0.02244539115504035,
    -0.020019863219032815,
    -0.025322579845375517,
    -0.009921364395574277,
    0.044478320555443415,
    0.02500000037252903,
    -0.05000000074505806,
    0.042689025776643,
    0.05000000074505806,
    0.05000000074505806,
    -0.026266154606101218
  ],
  "joint_vel_offset": [
    0.0022515196047957963,
    0.007256703498235668,
    -0.011531654523110113,
    -0.0069349598355730475,
    0.008719026083773122,
    -8.30469350713665e-05,
    0.019999999552965164,
    -0.004467311609714783,
    -0.019999999552965164,
    -0.010261364953722762,
    -0.019415672591103335,
    0.014215778668368666
  ]
}