{
  "push": [
    36.324058532714844,
    -59.942420959472656,
    -41.80127716064453
  ],
  "friction": [
    1.031040072441101,
    0.018449032679200172,
    0.004680359270423651
  ],
  "cmd": [
    -0.8154812455177307,
    0.2218039482831955,
    0.3914501667022705
  ],
  "phase": 0.15000000000000002,
  "push_start": 1.7404000000000013,
  "robustness": -207.59019470214844,
  "keep_score": 0.9908205664259211,
  "joint_pos_offset": [
    -0.02500000037252903,
    -0.01860518068214895,
    0.0020173281583589055,
    -0.027458733024703752,
    -0.004113014879513254,
    -0.008879099531859221,
    -0.02500000037252903,
    -0.0345234674307475,
    -0.005057382531156356,
    -0.019794816712996093,
    0.035034300032232533,
    -0.0017556915509254409
  ],
  "joint_vel_offset": [
    0.019999999552965164,
    -0.012893140885126489,
    -0.002518791704188344,
    0.015630607092039957,
    -0.0015957598747254659,
    -0.009682583264693356,
    -0.01923224614309476,
    0.019083534988531724,
    -0.019999999552965164,
    -0.013221057825802605,
    -0.019999999552965164,
    0.015504261767757068
  ]
}