{
  "push": [
    -71.86482238769531,
    -58.31943893432617,
    55.36027908325195
  ],
  "friction": [
    1.309862732887268,
    0.003415248356759548,
    0.009590404108166695
  ],
  "cmd": [
    -0.6807683706283569,
    0.14694039523601532,
    -0.15152005851268768
  ],
  "phase": 0.0,
  "push_start": 1.7640000000000013,
  "robustness": -267.1739501953125,
  "keep_score": 1.461835120477554,
  "joint_pos_offset": [
    -0.018702989427931575,
    -0.02500000037252903,
    -0.02500000037252903,
    0.022187844237017904,
    -0.02500000037252903,
    -0.03692385028275797,
    0.020594258435521876,
    -0.01638241541532192,
    0.001992468923583325,
    0.001225665052839017,
    0.0354460753677638,
    0.010752832544904629
  ],
  "joint_vel_offset": [
    -0.005108470572217288,
    0.0016267409900983878,
    0.007910501426382097,
    -0.014040360034887634,
    -0.0048038332965746,
    -0.00383243512713118,
    0.019999999552965164,
    0.009115018222872686,
    0.000272140415362289,
    -0.004096309498332468,
    0.004166063165581394,
    0.007400409306095058
  ]
}