{
  "push": [
    -64.17870330810547,
    -39.84793472290039,
    38.554534912109375
  ],
  "friction": [
    0.8428231477737427,
    0.0024639577604830265,
    0.007761839777231216
  ],
  "cmd": [
    -0.5766337513923645,
    -0.2984868586063385,
    -0.2387600541114807
  ],
  "terrain": {
    "mode": "pit",
    "center": [
      1.8954553895294421,
      -0.3280989571569619
    ],
    "radius": 0.15333077300887263,
    "depth": 0.01896163534822453,
    "baseline": 0.5
  },
  "phase": 0.4,
  "push_start": 1.8980000000000015,
  "robustness": -260.18505859375,
  "keep_score": 1.159241359594413,
  "joint_pos_offset": [
    0.012309625183101611,
    0.0036701008228860734,
    0.02500000037252903,
    0.05000000074505806,
    0.019536323388610485,
    -0.045273349788331314,
    -0.02500000037252903,
    -0.008735054691097217,
    -0.013281950612341905,
    -0.05000000074505806,
    0.04372144774504605,
    -0.04902851572783327
  ],
  "joint_vel_offset": [
    -0.019999999552965164,
    0.019999999552965164,
    -0.006807277479815902,
    -0.019999999552965164,
    -0.0006593526739100651,
    -0.019999999552965164,
    -0.019999999552965164,
    0.019999999552965164,
    0.0015740279083250987,
    0.01662198559457367,
    -0.019999999552965164,
    0.019999999552965164
  ]
}