{
  "push": [
    34.914695739746094,
    9.351082801818848,
    22.290447235107422
  ],
  "friction": [
    1.178926944732666,
    0.008691485971212387,
    0.001242983154952526
  ],
  "cmd": [
    0.6132453680038452,
    -0.2530061602592468,
    -0.1794099658727646
  ],
  "terrain": {
    "mode": "pit",
    "center": [
      1.521519440254476,
      0.19879317330917845
    ],
    "radius": 0.11992318143518181,
    "depth": 0.028806849030961305,
    "baseline": 0.5
  },
  "phase": 0.30000000000000004,
  "push_start": 2.038000000000001,
  "robustness": -9.960186004638672,
  "keep_score": 0.40888751289461706,
  "joint_pos_offset": [
    -0.02500000037252903,
    0.02500000037252903,
    -0.02500000037252903,
    0.05000000074505806,
    -0.02500000037252903,
    0.05000000074505806,
    0.02500000037252903,
    -0.02500000037252903,
    0.05000000074505806,
    0.05000000074505806,
    0.05000000074505806,
    -0.05000000074505806
  ],
  "joint_vel_offset": [
    0.019999999552965164,
    0.01905692182481289,
    0.019999999552965164,
    -0.019999999552965164,
    -0.019999999552965164,
    0.019999999552965164,
    0.019999999552965164,
    -0.019999999552965164,
    -0.019999999552965164,
    -0.019999999552965164,
    -0.019999999552965164,
    0.019999999552965164
  ]
}